"","id"
"1",1
"5",5
"6",6
"10",10
"16",16
"17",17
"19",19
"23",23
"29",29
"32",32
"33",33
"34",34
"35",35
"36",36
"37",37
"38",38
"39",39
"40",40
"41",41
"42",42
"43",43
"44",44
"45",45
"46",46
"47",47
"48",48
"49",49
"50",50
"51",51
"52",52
"53",53
"54",54
"55",55
"56",56
"57",57
"58",58
"59",59
"60",60
"61",61
"62",62
"63",63
"64",64
"65",65
"66",66
"67",67
"68",68
"69",69
"70",70
"71",71
"73",73
"77",77
"78",78
"84",84
"85",85
"86",86
"88",88
"98",98
"101",101
"104",104
"109",109
"111",111
"116",116
"117",117
"123",123
"125",125
"132",132
"135",135
"136",136
"141",141
"144",144
"147",147
"150",150
"156",156
"157",157
"159",159
"160",160
"161",161
"165",165
"166",166
"177",177
"178",178
"182",182
"183",183
"186",186
"188",188
"191",191
"194",194
"195",195
"197",197
"199",199
"204",204
"205",205
"206",206
"210",210
"213",213
"216",216
"217",217
"224",224
"228",228
"238",238
"239",239
"241",241
"248",248
"249",249
"251",251
"256",256
"257",257
"258",258
"261",261
"264",264
"267",267
"268",268
"273",273
"274",274
"276",276
"278",278
"283",283
"287",287
"288",288
"294",294
"301",301
"305",305
"310",310
"319",319
"328",328
"332",332
"334",334
"335",335
"337",337
"340",340
"345",345
"346",346
"356",356
"363",363
"369",369
"372",372
"375",375
"378",378
"379",379
"389",389
"390",390
"393",393
"396",396
"397",397
"398",398
"399",399
"400",400
"401",401
"402",402
"403",403
"404",404
"405",405
"406",406
"407",407
"408",408
"409",409
"410",410
"411",411
"412",412
"413",413
"414",414
"415",415
"416",416
"417",417
"418",418
"419",419
"420",420
"421",421
"422",422
"423",423
"424",424
"425",425
"426",426
"427",427
"428",428
"429",429
"430",430
"431",431
"432",432
"433",433
"434",434
"435",435
"436",436
"437",437
"438",438
"439",439
"442",442
"443",443
"444",444
"446",446
"448",448
"449",449
"450",450
"451",451
"452",452
"454",454
"456",456
"457",457
"459",459
"460",460
"462",462
"464",464
"466",466
"467",467
"468",468
"469",469
"470",470
"471",471
"472",472
"473",473
"474",474
"476",476
"477",477
"478",478
"479",479
"481",481
"484",484
"485",485
"486",486
"487",487
"488",488
"489",489
"490",490
"492",492
"493",493
"495",495
"496",496
"497",497
"498",498
"503",503
"506",506
"512",512
"514",514
"517",517
"521",521
"522",522
"527",527
"530",530
"537",537
"538",538
"539",539
"540",540
"541",541
"546",546
"547",547
"548",548
"551",551
"552",552
"553",553
"554",554
"556",556
"557",557
"559",559
"560",560
"561",561
"563",563
"565",565
"566",566
"567",567
"568",568
"569",569
"570",570
"571",571
"572",572
"573",573
"576",576
"577",577
"578",578
"579",579
"582",582
"583",583
"584",584
"586",586
"587",587
"588",588
"589",589
"592",592
"593",593
"596",596
"597",597
"599",599
"601",601
"604",604
"605",605
"606",606
"608",608
"610",610
"611",611
"613",613
"614",614
"616",616
"617",617
"618",618
"619",619
"620",620
"621",621
"622",622
"623",623
"624",624
"625",625
"626",626
"627",627
"628",628
"629",629
"630",630
"631",631
"632",632
"633",633
"634",634
"635",635
"636",636
"637",637
"638",638
"639",639
"640",640
"641",641
"643",643
"645",645
"647",647
"648",648
"650",650
"651",651
"652",652
"653",653
"656",656
"657",657
"659",659
"661",661
"663",663
"665",665
"666",666
"667",667
"668",668
"669",669
"670",670
"671",671
"672",672
"673",673
"674",674
"675",675
"676",676
"677",677
"678",678
"679",679
"680",680
"681",681
"682",682
"683",683
"684",684
"685",685
"686",686
"687",687
"688",688
"689",689
"690",690
"691",691
"692",692
"693",693
"694",694
"695",695
"696",696
"697",697
"698",698
"699",699
"703",703
"704",704
"705",705
"706",706
"707",707
"708",708
"709",709
"710",710
"711",711
"712",712
"713",713
"714",714
"715",715
"716",716
"717",717
"718",718
"719",719
"720",720
"721",721
"722",722
"723",723
"724",724
"725",725
"726",726
"727",727
"728",728
"729",729
"730",730
"731",731
"732",732
"733",733
"734",734
"735",735
"736",736
"737",737
"738",738
"739",739
"740",740
"741",741
"742",742
"743",743
"744",744
"745",745
"746",746
"747",747
"748",748
"750",750
"751",751
"754",754
"758",758
"759",759
"763",763
"765",765
"769",769
"770",770
"772",772
"774",774
"776",776
"779",779
"785",785
"786",786
"788",788
"792",792
"793",793
"796",796
"798",798
"800",800
"802",802
"807",807
"808",808
"810",810
"813",813
"815",815
"822",822
"828",828
"830",830
"834",834
"838",838
"842",842
"843",843
"844",844
"845",845
"846",846
"847",847
"848",848
"849",849
"850",850
"851",851
"852",852
"854",854
"855",855
"860",860
"861",861
"865",865
"868",868
"869",869
"870",870
"873",873
"874",874
"877",877
"878",878
"881",881
"883",883
"885",885
"886",886
"893",893
"896",896
"897",897
"898",898
"900",900
"903",903
"907",907
"908",908
"911",911
"915",915
"921",921
"925",925
"927",927
"928",928
"929",929
"933",933
"938",938
"944",944
"955",955
"958",958
"961",961
"967",967
"970",970
"977",977
"979",979
"981",981
"983",983
"984",984
"986",986
"988",988
"989",989
"994",994
"1005",1005
"1012",1012
"1013",1013
"1014",1014
"1015",1015
"1017",1017
"1022",1022
"1023",1023
"1029",1029
"1036",1036
"1038",1038
"1039",1039
"1042",1042
"1043",1043
"1044",1044
"1045",1045
"1058",1058
"1059",1059
"1072",1072
"1074",1074
"1076",1076
"1083",1083
"1090",1090
"1098",1098
"1100",1100
"1108",1108
"1112",1112
"1113",1113
"1124",1124
"1127",1127
"1128",1128
"1131",1131
"1136",1136
"1137",1137
"1140",1140
"1144",1144
"1147",1147
"1157",1157
"1159",1159
"1161",1161
"1164",1164
"1167",1167
"1169",1169
"1174",1174
"1180",1180
"1181",1181
"1183",1183
"1191",1191
"1192",1192
"1193",1193
"1196",1196
"1199",1199
"1200",1200
"1204",1204
"1205",1205
"1206",1206
"1207",1207
"1210",1210
"1213",1213
"1214",1214
"1215",1215
"1218",1218
"1220",1220
"1221",1221
"1224",1224
"1225",1225
"1226",1226
"1231",1231
"1232",1232
"1234",1234
"1236",1236
"1239",1239
"1241",1241
"1245",1245
"1247",1247
"1248",1248
"1249",1249
"1251",1251
"1254",1254
"1257",1257
"1261",1261
"1262",1262
"1264",1264
"1269",1269
"1270",1270
"1273",1273
"1275",1275
"1276",1276
"1277",1277
"1285",1285
"1286",1286
"1287",1287
"1288",1288
"1291",1291
"1292",1292
"1293",1293
"1295",1295
"1297",1297
"1298",1298
"1299",1299
"1300",1300
"1301",1301
"1302",1302
"1303",1303
"1304",1304
"1305",1305
"1306",1306
"1307",1307
"1308",1308
"1309",1309
"1310",1310
"1312",1312
"1313",1313
"1314",1314
"1315",1315
"1317",1317
"1320",1320
"1321",1321
"1326",1326
"1328",1328
"1331",1331
"1334",1334
"1335",1335
"1340",1340
"1342",1342
"1347",1347
"1348",1348
"1351",1351
"1352",1352
"1354",1354
"1357",1357
"1358",1358
"1360",1360
"1361",1361
"1362",1362
"1367",1367
"1369",1369
"1373",1373
"1377",1377
"1380",1380
"1382",1382
"1384",1384
"1390",1390
"1392",1392
"1393",1393
"1403",1403
"1404",1404
"1406",1406
"1410",1410
"1411",1411
"1413",1413
"1414",1414
"1415",1415
"1416",1416
"1417",1417
"1418",1418
"1419",1419
"1420",1420
"1421",1421
"1422",1422
"1423",1423
"1424",1424
"1425",1425
"1426",1426
"1427",1427
"1428",1428
"1429",1429
"1430",1430
"1437",1437
"1439",1439
"1441",1441
"1443",1443
"1446",1446
"1449",1449
"1451",1451
"1452",1452
"1457",1457
"1458",1458
"1459",1459
"1461",1461
"1462",1462
"1464",1464
"1465",1465
"1470",1470
"1474",1474
"1478",1478
"1479",1479
"1481",1481
"1484",1484
"1490",1490
"1491",1491
"1493",1493
"1494",1494
"1495",1495
"1497",1497
"1499",1499
"1501",1501
"1502",1502
"1504",1504
"1505",1505
"1506",1506
"1510",1510
"1513",1513
"1515",1515
"1518",1518
"1522",1522
"1524",1524
"1529",1529
"1532",1532
"1534",1534
"1540",1540
"1553",1553
"1561",1561
"1563",1563
"1565",1565
"1566",1566
"1569",1569
"1571",1571
"1581",1581
"1586",1586
"1589",1589
"1592",1592
"1602",1602
"1604",1604
"1606",1606
"1607",1607
"1608",1608
"1609",1609
"1610",1610
"1611",1611
"1612",1612
"1613",1613
"1614",1614
"1615",1615
"1616",1616
"1617",1617
"1619",1619
"1620",1620
"1623",1623
"1624",1624
"1626",1626
"1627",1627
"1628",1628
"1629",1629
"1630",1630
"1631",1631
"1632",1632
"1638",1638
"1639",1639
"1640",1640
"1641",1641
"1642",1642
"1643",1643
"1644",1644
"1645",1645
"1646",1646
"1647",1647
"1651",1651
"1653",1653
"1655",1655
"1657",1657
"1665",1665
"1666",1666
"1675",1675
"1677",1677
"1678",1678
"1680",1680
"1686",1686
"1689",1689
"1695",1695
"1702",1702
"1703",1703
"1705",1705
"1706",1706
"1710",1710
"1712",1712
"1715",1715
"1736",1736
"1742",1742
"1746",1746
"1749",1749
"1752",1752
"1758",1758
"1762",1762
"1767",1767
"1771",1771
"1774",1774
"1775",1775
"1780",1780
"1783",1783
"1785",1785
"1789",1789
"1791",1791
"1796",1796
"1797",1797
"1799",1799
"1801",1801
"1803",1803
"1804",1804
"1807",1807
"1811",1811
"1816",1816
"1821",1821
"1824",1824
"1829",1829
"1832",1832
"1835",1835
"1837",1837
"1838",1838
"1840",1840
"1841",1841
"1842",1842
"1843",1843
"1844",1844
"1845",1845
"1846",1846
"1847",1847
"1848",1848
"1850",1850
"1852",1852
"1853",1853
"1854",1854
"1855",1855
"1856",1856
"1857",1857
"1858",1858
"1859",1859
"1860",1860
"1861",1861
"1862",1862
"1863",1863
"1864",1864
"1865",1865
"1866",1866
"1867",1867
"1868",1868
"1869",1869
"1871",1871
"1874",1874
"1876",1876
"1877",1877
"1878",1878
"1879",1879
"1880",1880
"1882",1882
"1883",1883
"1884",1884
"1885",1885
"1887",1887
"1891",1891
"1892",1892
"1894",1894
"1895",1895
"1897",1897
"1903",1903
"1904",1904
"1906",1906
"1911",1911
"1912",1912
"1913",1913
"1925",1925
"1926",1926
"1927",1927
"1928",1928
"1934",1934
"1940",1940
"1945",1945
"1946",1946
"1947",1947
"1948",1948
"1953",1953
"1956",1956
"1959",1959
"1962",1962
"1963",1963
"1971",1971
"1976",1976
"1981",1981
"1983",1983
"1984",1984
"1988",1988
"1994",1994
"1997",1997
"2008",2008
"2011",2011
"2020",2020
"2021",2021
"2029",2029
"2030",2030
"2032",2032
"2034",2034
"2035",2035
"2036",2036
"2037",2037
"2038",2038
"2039",2039
"2040",2040
"2042",2042
"2043",2043
"2046",2046
"2047",2047
"2049",2049
"2050",2050
"2053",2053
"2055",2055
"2056",2056
"2061",2061
"2062",2062
"2063",2063
"2064",2064
"2065",2065
"2066",2066
"2067",2067
"2068",2068
"2069",2069
"2070",2070
"2071",2071
"2072",2072
"2073",2073
"2074",2074
"2075",2075
"2076",2076
"2077",2077
"2078",2078
"2079",2079
"2080",2080
"2081",2081
"2082",2082
"2085",2085
"2088",2088
"2090",2090
"2092",2092
"2094",2094
"2096",2096
"2098",2098
"2099",2099
"2104",2104
"2106",2106
"2107",2107
"2108",2108
"2113",2113
"2117",2117
"2121",2121
"2124",2124
"2126",2126
"2127",2127
"2128",2128
"2129",2129
"2130",2130
"2131",2131
"2132",2132
"2133",2133
"2134",2134
"2135",2135
"2136",2136
"2137",2137
"2138",2138
"2139",2139
"2140",2140
"2141",2141
"2142",2142
"2143",2143
"2144",2144
"2145",2145
"2146",2146
"2147",2147
"2148",2148
"2149",2149
"2150",2150
"2151",2151
"2152",2152
"2153",2153
"2154",2154
"2155",2155
"2156",2156
"2157",2157
"2158",2158
"2161",2161
"2162",2162
"2163",2163
"2164",2164
"2167",2167
"2171",2171
"2172",2172
"2174",2174
"2176",2176
"2177",2177
"2179",2179
"2180",2180
"2182",2182
"2183",2183
"2184",2184
"2185",2185
"2186",2186
"2187",2187
"2188",2188
"2189",2189
"2190",2190
"2191",2191
"2192",2192
"2193",2193
"2194",2194
"2195",2195
"2196",2196
"2197",2197
"2198",2198
"2199",2199
"2200",2200
"2201",2201
"2202",2202
"2203",2203
"2204",2204
"2205",2205
"2206",2206
"2207",2207
"2208",2208
"2209",2209
"2210",2210
"2211",2211
"2212",2212
"2213",2213
"2214",2214
"2215",2215
"2216",2216
"2217",2217
"2218",2218
"2219",2219
"2220",2220
"2221",2221
"2222",2222
"2223",2223
"2224",2224
"2225",2225
"2226",2226
"2227",2227
"2228",2228
"2229",2229
"2230",2230
"2231",2231
"2232",2232
"2233",2233
"2234",2234
"2235",2235
"2236",2236
"2237",2237
"2238",2238
"2239",2239
"2240",2240
"2241",2241
"2242",2242
"2243",2243
"2244",2244
"2245",2245
"2246",2246
"2247",2247
"2248",2248
"2249",2249
"2250",2250
"2251",2251
"2252",2252
"2253",2253
"2254",2254
"2255",2255
"2256",2256
"2257",2257
"2258",2258
