species,longitude,latitude
eelgrass,-63.2959,44.63492
eelgrass,-64.96381,43.86815
eelgrass,-64.93481,43.82879
eelgrass,-64.391,44.23485
eelgrass,-64.40527,44.2385
eelgrass,-64.40111,44.2374
eelgrass,-64.38289,44.23455
eelgrass,-64.26751,44.39221
eelgrass,-64.21266,44.39878
eelgrass,-64.37532,44.22113
eelgrass,-64.37413,44.21891
eelgrass,-64.37636,44.21392
eelgrass,-64.3811,44.214
eelgrass,-64.37987,44.19594
eelgrass,-64.38036,44.2218
eelgrass,-64.37797,44.22041
eelgrass,-64.37653,44.20073
eelgrass,-64.37567,44.1982
eelgrass,-64.37825,44.19756
eelgrass,-64.20778,44.40057
eelgrass,-64.21666,44.38657
eelgrass,-62.79105,44.74453
eelgrass,-62.79277,44.74587
eelgrass,-62.79021,44.74626
eelgrass,-64.40842,44.23776
eelgrass,-64.40404,44.23585
eelgrass,-64.39494,44.23568
eelgrass,-64.39723,44.23762
eelgrass,-63.9563,44.64144
eelgrass,-63.16619,44.71237
eelgrass,-63.94173,44.59113
eelgrass,-63.58618,44.45553
eelgrass,-63.59076,44.45499
eelgrass,-63.29367,44.63631
eelgrass,-64.28057,44.40201
eelgrass,-63.95327,44.6463
eelgrass,-63.95531,44.64519
eelgrass,-62.80083,44.74451
eelgrass,-64.8231,43.87176
eelgrass,-64.82131,43.87416
eelgrass,-63.29262,44.6346
eelgrass,-64.27858,44.38954
eelgrass,-64.89598,43.87188
eelgrass,-64.2375,44.39511
eelgrass,-62.57301,44.82035
eelgrass,-64.90065,43.87537
eelgrass,-64.38244,44.22302
eelgrass,-64.2793,44.39144
eelgrass,-64.96128,43.86729
eelgrass,-64.8187,43.9085
eelgrass,-62.7965,44.7444
eelgrass,-62.5763,44.8235
eelgrass,-63.952,44.648
eelgrass,-63.9438,44.5925
eelgrass,-64.779,43.908
eelgrass,-63.434,44.607
eelgrass,-65.055,43.7
eelgrass,-60.481,46.921
eelgrass,-63.241,44.703
eelgrass,-62.884,44.719
eelgrass,-63.433,44.657
eelgrass,-61.95,45.05
eelgrass,-63.41,44.667
eelgrass,-64.379,44.45
eelgrass,-59.852,46.134
eelgrass,-65.427,43.562
eelgrass,-64.557,44.096
eelgrass,-65.349,43.594
eelgrass,-64.88125,43.82557
eelgrass,-64.87991,43.84213
eelgrass,-64.84922,43.82209
eelgrass,-64.84773,43.82042
eelgrass,-64.8787,43.82545
eelgrass,-64.88017,43.82926
eelgrass,-64.8795,43.83111
eelgrass,-64.88116,43.84047
eelgrass,-64.83645,43.8284
eelgrass,-64.83692,43.83235
eelgrass,-64.88947,43.8674
eelgrass,-64.88653,43.86632
eelgrass,-64.83469,43.82501
eelgrass,-64.8611,43.85286
eelgrass,-64.86226,43.84157
eelgrass,-65.23425,43.6969
eelgrass,-65.16636,43.7111
eelgrass,-65.14234,43.71947
eelgrass,-65.14442,43.71371
eelgrass,-65.16664,43.71825
eelgrass,-65.23813,43.67928
eelgrass,-65.24077,43.68114
eelgrass,-65.1662,43.72528
eelgrass,-65.22776,43.70276
eelgrass,-65.15259,43.73413
eelgrass,-65.18693,43.70985
eelgrass,-65.18024,43.70369
eelgrass,-64.84607,43.92671
eelgrass,-64.84348,43.92713
eelgrass,-64.841,43.92817
eelgrass,-64.82087,43.90945
eelgrass,-64.80718,43.91477
eelgrass,-64.79096,43.9501
eelgrass,-64.82702,43.93635
eelgrass,-64.80098,43.89466
eelgrass,-64.79721,43.89276
eelgrass,-64.78365,43.91168
eelgrass,-64.77049,43.95324
eelgrass,-64.81874,43.94919
eelgrass,-64.82372,43.94701
eelgrass,-64.78042,43.90121
eelgrass,-64.83763,43.92499
eelgrass,-64.84006,43.9262
eelgrass,-64.77139,43.8979
eelgrass,-64.88519,43.79736
eelgrass,-64.88268,43.79687
eelgrass,-64.87631,43.79542
eelgrass,-64.88436,43.80059
eelgrass,-64.88125,43.79984
eelgrass,-64.87512,43.79826
eelgrass,-64.87898,43.80259
eelgrass,-64.86726,43.79974
eelgrass,-64.88337,43.80689
eelgrass,-64.87748,43.80565
eelgrass,-64.86635,43.80334
eelgrass,-64.88559,43.81013
eelgrass,-64.87285,43.80942
eelgrass,-64.88741,43.81301
eelgrass,-64.88091,43.81215
eelgrass,-64.88802,43.81601
eelgrass,-64.89075,43.81943
eelgrass,-64.88768,43.8184
eelgrass,-64.87346,43.81295
eelgrass,-64.88718,43.8216
eelgrass,-64.8793,43.81461
eelgrass,-64.87706,43.81742
eelgrass,-64.87481,43.81592
eelgrass,-64.87713,43.82403
eelgrass,-64.86911,43.81695
eelgrass,-64.88383,43.81551
eelgrass,-64.87252,43.82045
eelgrass,-64.87642,43.82744
eelgrass,-64.87124,43.82603
eelgrass,-64.87415,43.83034
eelgrass,-64.87176,43.82908
eelgrass,-64.87547,43.83331
eelgrass,-64.87248,43.8321
eelgrass,-64.87611,43.83633
eelgrass,-64.87105,43.83455
eelgrass,-64.87651,43.84245
eelgrass,-64.87212,43.8417
eelgrass,-64.87522,43.84536
eelgrass,-64.87166,43.84482
eelgrass,-64.87693,43.84815
eelgrass,-64.87201,43.84761
eelgrass,-64.87283,43.85091
eelgrass,-64.87829,43.85432
eelgrass,-64.88111,43.85656
eelgrass,-64.88496,43.85757
eelgrass,-64.88119,43.85976
eelgrass,-64.87695,43.85863
eelgrass,-64.87225,43.85735
eelgrass,-64.86963,43.85473
eelgrass,-64.8734,43.85533
eelgrass,-64.86694,43.85187
eelgrass,-64.86642,43.84881
eelgrass,-64.86735,43.84546
eelgrass,-64.86504,43.84276
eelgrass,-64.86459,43.83889
eelgrass,-64.86808,43.83851
eelgrass,-64.86264,43.83636
eelgrass,-64.86568,43.835
eelgrass,-64.86198,43.83299
eelgrass,-64.86754,43.83144
eelgrass,-64.86155,43.83061
eelgrass,-64.86678,43.82929
eelgrass,-64.86074,43.82827
eelgrass,-64.86611,43.82686
eelgrass,-64.85944,43.82503
eelgrass,-64.86586,43.8223
eelgrass,-64.8587,43.82148
eelgrass,-64.86149,43.81963
eelgrass,-64.85818,43.81694
eelgrass,-64.86332,43.81013
eelgrass,-64.85301,43.81798
eelgrass,-64.85394,43.81431
eelgrass,-64.85458,43.81119
eelgrass,-64.8569,43.80091
eelgrass,-64.84877,43.81831
eelgrass,-64.8487,43.81599
eelgrass,-64.84813,43.80938
eelgrass,-64.84734,43.80243
eelgrass,-64.84412,43.81461
eelgrass,-64.84341,43.8112
eelgrass,-64.83861,43.81124
eelgrass,-64.83751,43.80897
eelgrass,-63.92193,44.49854
eelgrass,-63.94835,44.52642
eelgrass,-64.06102,44.58759
eelgrass,-61.09085,45.52281
eelgrass,-61.09338,45.52394
eelgrass,-63.495,44.60833
eelgrass,-65.62084,43.38959
eelgrass,-64.97,43.8621
eelgrass,-64.96718,43.86845
eelgrass,-60.55263,46.29909
eelgrass,-62.78,44.77536
eelgrass,-64.12024,44.50438
eelgrass,-64.05115,44.62975
eelgrass,-64.92889,43.8179
eelgrass,-64.93006,43.82094
eelgrass,-64.92751,43.81601
eelgrass,-64.32061,44.39953
eelgrass,-64.28719,44.38338
eelgrass,-64.28307,44.37976
eelgrass,-64.283,44.39637
eelgrass,-64.28018,44.39841
eelgrass,-64.2795,44.39605
eelgrass,-64.27782,44.39972
eelgrass,-64.27642,44.38821
eelgrass,-64.27554,44.38495
eelgrass,-64.27339,44.39874
eelgrass,-64.27173,44.39119
eelgrass,-64.31028,44.383
eelgrass,-64.26855,44.39512
eelgrass,-64.26698,44.39974
eelgrass,-64.26303,44.39466
eelgrass,-64.26007,44.39883
eelgrass,-64.25933,44.3963
eelgrass,-64.25674,44.40024
eelgrass,-64.24588,44.39539
eelgrass,-64.23077,44.39541
eelgrass,-64.30684,44.38236
eelgrass,-64.22109,44.39987
eelgrass,-64.30058,44.37947
eelgrass,-64.29985,44.38281
eelgrass,-64.29738,44.40058
eelgrass,-64.29324,44.39472
eelgrass,-64.29232,44.39091
eelgrass,-65.57845,43.55972
eelgrass,-65.49682,43.46475
eelgrass,-65.49609,43.4863
eelgrass,-65.49315,43.47819
eelgrass,-65.48921,43.48132
eelgrass,-65.46187,43.46395
eelgrass,-65.45819,43.46798
eelgrass,-65.45313,43.5048
eelgrass,-65.45266,43.51573
eelgrass,-65.44944,43.49863
eelgrass,-65.44965,43.51359
eelgrass,-65.57012,43.54633
eelgrass,-65.44394,43.50802
eelgrass,-65.43635,43.50181
eelgrass,-65.4945,43.4881
eelgrass,-65.56419,43.50829
eelgrass,-65.56391,43.50044
eelgrass,-65.55852,43.51404
eelgrass,-65.5541,43.518
eelgrass,-65.5271,43.48368
eelgrass,-65.49933,43.4867
eelgrass,-65.4959,43.4613
eelgrass,-64.40607,44.2336
eelgrass,-64.38443,44.214
eelgrass,-64.38408,44.21661
eelgrass,-64.38008,44.23787
eelgrass,-64.3678,44.20983
eelgrass,-64.3547,44.21689
eelgrass,-64.35421,44.21997
eelgrass,-64.35242,44.25222
eelgrass,-64.35197,44.22848
eelgrass,-64.3499,44.25471
eelgrass,-64.40049,44.18459
eelgrass,-64.34612,44.21833
eelgrass,-64.34607,44.22592
eelgrass,-64.33578,44.26815
eelgrass,-64.33038,44.24017
eelgrass,-64.39973,44.19029
eelgrass,-64.39851,44.23113
eelgrass,-64.393,44.20294
eelgrass,-64.39277,44.20835
eelgrass,-65.45372,43.58572
eelgrass,-65.39391,43.52713
eelgrass,-65.39192,43.5251
eelgrass,-65.39025,43.53121
eelgrass,-65.38902,43.51625
eelgrass,-65.38338,43.53347
eelgrass,-65.38028,43.50785
eelgrass,-65.37993,43.55303
eelgrass,-65.37227,43.54608
eelgrass,-65.36284,43.51792
eelgrass,-65.35787,43.54181
eelgrass,-65.43399,43.56184
eelgrass,-65.42799,43.58191
eelgrass,-65.43973,43.56106
eelgrass,-65.42474,43.55142
eelgrass,-65.41512,43.56257
eelgrass,-65.40324,43.53057
eelgrass,-65.39754,43.50199
eelgrass,-65.3991,43.51373
eelgrass,-64.90221,43.86375
eelgrass,-64.87575,43.85268
eelgrass,-64.87576,43.83814
eelgrass,-64.87525,43.84041
eelgrass,-64.873,43.83887
eelgrass,-64.87008,43.83097
eelgrass,-64.8693,43.85985
eelgrass,-64.89642,43.86952
eelgrass,-64.86426,43.85003
eelgrass,-64.86416,43.84485
eelgrass,-64.89197,43.85529
eelgrass,-64.88579,43.8614
eelgrass,-64.88345,43.80459
eelgrass,-64.88064,43.85
eelgrass,-64.88032,43.86179
eelgrass,-64.94837,43.84447
eelgrass,-64.9332,43.82723
eelgrass,-64.92806,43.80862
eelgrass,-64.92745,43.8063
eelgrass,-64.92748,43.81093
eelgrass,-64.92531,43.80058
eelgrass,-64.92388,43.79567
eelgrass,-64.92363,43.80345
eelgrass,-64.91883,43.80076
eelgrass,-64.94795,43.83788
eelgrass,-64.91898,43.80547
eelgrass,-64.91756,43.7946
eelgrass,-64.91493,43.793
eelgrass,-64.91246,43.79137
eelgrass,-64.94494,43.84153
eelgrass,-64.94555,43.83511
eelgrass,-64.94298,43.83506
eelgrass,-64.93894,43.8287
eelgrass,-64.93666,43.82354
eelgrass,-64.93862,43.84176
eelgrass,-64.93294,43.81856
eelgrass,-64.84579,43.9246
eelgrass,-64.80703,43.84885
eelgrass,-64.80568,43.89718
eelgrass,-64.80524,43.91841
eelgrass,-64.80147,43.91437
eelgrass,-64.79961,43.86159
eelgrass,-64.79458,43.85812
eelgrass,-64.792,43.92476
eelgrass,-64.78684,43.86231
eelgrass,-64.7866,43.91917
eelgrass,-64.78206,43.89668
eelgrass,-64.78031,43.91585
eelgrass,-64.77503,43.90407
eelgrass,-64.75533,43.90428
eelgrass,-64.83051,43.84041
eelgrass,-64.82598,43.91637
eelgrass,-64.82481,43.84304
eelgrass,-64.81631,43.832
eelgrass,-64.81056,43.84104
eelgrass,-64.8102,43.91042
eelgrass,-65.3782,43.73716
eelgrass,-65.3211,43.63552
eelgrass,-65.31752,43.60948
eelgrass,-65.31325,43.6481
eelgrass,-65.31107,43.61882
eelgrass,-65.31039,43.64213
eelgrass,-65.30833,43.61231
eelgrass,-65.30462,43.67974
eelgrass,-65.30333,43.64084
eelgrass,-65.29776,43.67411
eelgrass,-65.34962,43.70677
eelgrass,-65.28428,43.64999
eelgrass,-65.34289,43.59726
eelgrass,-65.3386,43.68821
eelgrass,-65.33333,43.62013
eelgrass,-65.32358,43.62766
eelgrass,-65.32461,43.6589
eelgrass,-63.0318,44.74412
eelgrass,-63.03121,44.76986
eelgrass,-63.03074,44.73466
eelgrass,-63.02725,44.76416
eelgrass,-63.02736,44.74518
eelgrass,-63.00666,44.70942
eelgrass,-62.97173,44.70981
eelgrass,-62.9322,44.72592
eelgrass,-62.90914,44.65029
eelgrass,-62.88466,44.67565
eelgrass,-62.91256,44.71983
eelgrass,-62.89303,44.7229
eelgrass,-62.88922,44.70894
eelgrass,-62.88549,44.68581
eelgrass,-62.8587,44.69273
eelgrass,-62.83398,44.70124
eelgrass,-62.80774,44.6823
eelgrass,-62.81752,44.72603
eelgrass,-62.81831,44.73159
eelgrass,-62.81315,44.73252
eelgrass,-62.80684,44.69895
eelgrass,-62.79732,44.70188
eelgrass,-62.79562,44.76551
eelgrass,-62.79355,44.75409
eelgrass,-62.79589,44.69999
eelgrass,-62.79182,44.70184
eelgrass,-62.788,44.73742
eelgrass,-62.78567,44.75758
eelgrass,-62.77678,44.73194
eelgrass,-62.77595,44.71634
eelgrass,-62.75715,44.77318
eelgrass,-62.75483,44.77024
eelgrass,-62.7438,44.77646
eelgrass,-62.73957,44.75973
eelgrass,-62.72242,44.76612
eelgrass,-62.72039,44.74152
eelgrass,-62.70752,44.78042
eelgrass,-62.68857,44.7745
eelgrass,-62.68168,44.79462
eelgrass,-62.6818,44.77718
eelgrass,-62.67209,44.7778
eelgrass,-62.66744,44.77184
eelgrass,-62.64939,44.80217
eelgrass,-62.64353,44.807
eelgrass,-62.64175,44.80438
eelgrass,-62.61815,44.83169
eelgrass,-62.61607,44.83277
eelgrass,-62.60689,44.83858
eelgrass,-62.60734,44.78193
eelgrass,-62.60492,44.79266
eelgrass,-62.59996,44.79294
eelgrass,-62.56268,44.79711
eelgrass,-62.55642,44.80829
eelgrass,-62.5519,44.80858
eelgrass,-62.5486,44.85246
eelgrass,-62.54766,44.85499
eelgrass,-62.54499,44.84984
eelgrass,-62.54455,44.85442
eelgrass,-62.54664,44.80463
eelgrass,-62.5411,44.84609
eelgrass,-62.52565,44.84178
eelgrass,-62.5074,44.8116
eelgrass,-62.48061,44.88021
eelgrass,-62.47925,44.87468
eelgrass,-62.46097,44.85384
eelgrass,-62.45646,44.85734
eelgrass,-62.45689,44.84129
eelgrass,-62.45218,44.85799
eelgrass,-62.45029,44.83169
eelgrass,-62.44432,44.85636
eelgrass,-62.44075,44.84981
eelgrass,-62.44096,44.85203
eelgrass,-62.4241,44.86642
eelgrass,-62.41688,44.8932
eelgrass,-62.39661,44.86704
eelgrass,-62.39096,44.84974
eelgrass,-62.39097,44.89158
eelgrass,-62.34421,44.90513
eelgrass,-62.34131,44.90279
eelgrass,-62.33811,44.88764
eelgrass,-62.30649,44.90646
eelgrass,-62.30322,44.8828
eelgrass,-62.29048,44.87865
eelgrass,-62.2801,44.92319
eelgrass,-62.27802,44.92453
eelgrass,-62.27832,44.88036
eelgrass,-62.273,44.92327
eelgrass,-62.23772,44.95385
eelgrass,-62.20904,44.92202
eelgrass,-62.19989,44.94483
eelgrass,-62.19889,44.94139
eelgrass,-62.18715,44.94413
eelgrass,-62.17503,44.94564
eelgrass,-62.17238,44.95137
eelgrass,-62.15591,44.96153
eelgrass,-62.13731,44.93166
eelgrass,-62.0869,44.9662
eelgrass,-62.0783,44.95543
eelgrass,-62.0718,44.90701
eelgrass,-62.06304,44.93131
eelgrass,-62.33633,44.88172
eelgrass,-62.29768,44.91574
eelgrass,-62.17069,44.94589
eelgrass,-62.88881,44.68967
eelgrass,-62.88968,44.69317
eelgrass,-62.81704,44.70499
eelgrass,-62.81825,44.70742
eelgrass,-62.72647,44.75161
eelgrass,-62.66044,44.77438
eelgrass,-62.54951,44.80173
eelgrass,-62.49058,44.84299
eelgrass,-62.73589,44.75686
eelgrass,-62.72913,44.75621
eelgrass,-62.05303,44.94306
eelgrass,-62.16584,44.93103
eelgrass,-62.72895,44.78597
eelgrass,-63.01752,44.73975
eelgrass,-63.0212,44.73762
eelgrass,-62.79077,44.73926
eelgrass,-61.55302,45.15555
eelgrass,-61.5299,45.15948
eelgrass,-61.52827,45.15745
eelgrass,-61.52535,45.15373
eelgrass,-61.52397,45.16295
eelgrass,-61.52426,45.15092
eelgrass,-61.52373,45.14754
eelgrass,-61.5147,45.16112
eelgrass,-61.50335,45.15088
eelgrass,-61.54985,45.14946
eelgrass,-61.49943,45.15948
eelgrass,-61.49851,45.15045
eelgrass,-61.49677,45.15735
eelgrass,-61.49222,45.14757
eelgrass,-61.49142,45.15039
eelgrass,-61.48295,45.1499
eelgrass,-61.54632,45.16202
eelgrass,-61.54601,45.15274
eelgrass,-61.54614,45.15707
eelgrass,-61.53645,45.15825
eelgrass,-61.5351,45.16184
eelgrass,-61.53232,45.16229
eelgrass,-61.53053,45.14703
eelgrass,-61.70152,45.16905
eelgrass,-61.77035,45.23308
eelgrass,-61.70536,45.17107
eelgrass,-61.69862,45.16719
eelgrass,-61.67729,45.15021
eelgrass,-61.67317,45.14851
eelgrass,-61.67203,45.15937
eelgrass,-61.66685,45.14249
eelgrass,-61.65868,45.13807
eelgrass,-61.75727,45.22821
eelgrass,-61.65853,45.13612
eelgrass,-61.6539,45.13161
eelgrass,-61.733,45.2151
eelgrass,-61.72622,45.2176
eelgrass,-61.72265,45.21243
eelgrass,-61.71935,45.20576
eelgrass,-61.71768,45.20041
eelgrass,-61.71609,45.18098
eelgrass,-61.70988,45.17449
eelgrass,-61.6129,45.1389
eelgrass,-61.55357,45.13652
eelgrass,-61.55033,45.11313
eelgrass,-61.54982,45.12663
eelgrass,-61.54827,45.12335
eelgrass,-61.54687,45.1367
eelgrass,-61.5462,45.12042
eelgrass,-61.53983,45.09921
eelgrass,-61.53843,45.10492
eelgrass,-61.5351,45.13258
eelgrass,-61.60441,45.12815
eelgrass,-61.52974,45.12462
eelgrass,-61.60343,45.14002
eelgrass,-61.5983,45.13772
eelgrass,-61.58293,45.14042
eelgrass,-61.57756,45.1069
eelgrass,-61.56339,45.13152
eelgrass,-61.55632,45.12349
eelgrass,-61.67038,45.19845
eelgrass,-61.65222,45.1693
eelgrass,-61.64709,45.17162
eelgrass,-61.64481,45.16416
eelgrass,-61.64468,45.17087
eelgrass,-61.64469,45.16855
eelgrass,-61.64437,45.15904
eelgrass,-61.64253,45.16732
eelgrass,-61.66689,45.19559
eelgrass,-61.63148,45.14927
eelgrass,-61.62718,45.15219
eelgrass,-61.6239,45.14514
eelgrass,-61.62274,45.15161
eelgrass,-61.60464,45.14628
eelgrass,-61.66462,45.19042
eelgrass,-61.66013,45.19082
eelgrass,-61.65755,45.1618
eelgrass,-61.65687,45.1825
eelgrass,-61.65505,45.17907
eelgrass,-61.65404,45.17594
eelgrass,-61.6529,45.18027
eelgrass,-61.45684,45.17468
eelgrass,-61.45115,45.17009
eelgrass,-61.46631,45.14729
eelgrass,-61.44789,45.17434
eelgrass,-61.44743,45.1706
eelgrass,-61.44755,45.16312
eelgrass,-61.44674,45.15971
eelgrass,-61.4464,45.16696
eelgrass,-61.44331,45.16068
eelgrass,-61.43687,45.17149
eelgrass,-61.4227,45.16088
eelgrass,-61.45802,45.15138
eelgrass,-61.41778,45.16119
eelgrass,-61.45545,45.15841
eelgrass,-61.45124,45.17719
eelgrass,-61.45079,45.16702
eelgrass,-61.72868,45.09238
eelgrass,-61.72841,45.09628
eelgrass,-61.72774,45.10316
eelgrass,-61.6875,45.11764
eelgrass,-61.67761,45.1107
eelgrass,-61.58517,45.14603
eelgrass,-61.57166,45.15554
eelgrass,-61.57049,45.15032
eelgrass,-61.57043,45.16137
eelgrass,-61.56917,45.16295
eelgrass,-61.5656,45.14741
eelgrass,-61.56198,45.14708
eelgrass,-61.57758,45.1506
eelgrass,-61.56133,45.14915
eelgrass,-61.57715,45.15958
eelgrass,-61.57362,45.14949
eelgrass,-61.57364,45.15878
eelgrass,-61.57309,45.15199
eelgrass,-61.8715,45.07271
eelgrass,-61.85934,45.06822
eelgrass,-61.85645,45.07266
eelgrass,-61.85033,45.07132
eelgrass,-61.84625,45.0734
eelgrass,-61.84616,45.06912
eelgrass,-61.86692,45.07854
eelgrass,-61.84235,45.07289
eelgrass,-61.84049,45.0708
eelgrass,-61.83771,45.07137
eelgrass,-61.86301,45.07164
eelgrass,-61.85968,45.07648
eelgrass,-61.82838,45.07627
eelgrass,-61.88202,45.04577
eelgrass,-61.84154,45.0622
eelgrass,-61.84103,45.04784
eelgrass,-61.839,45.05637
eelgrass,-61.83853,45.06552
eelgrass,-61.82959,45.06496
eelgrass,-61.82342,45.07754
eelgrass,-61.82219,45.07389
eelgrass,-61.82177,45.06157
eelgrass,-61.81814,45.06495
eelgrass,-61.81806,45.07505
eelgrass,-61.88132,45.03876
eelgrass,-61.81705,45.07754
eelgrass,-61.81758,45.05996
eelgrass,-61.87759,45.04379
eelgrass,-61.8719,45.04198
eelgrass,-61.85886,45.03816
eelgrass,-61.84693,45.05874
eelgrass,-61.84331,45.04107
eelgrass,-61.84164,45.05344
eelgrass,-61.72327,45.09625
eelgrass,-61.5889,45.14833
eelgrass,-61.63204,45.15529
eelgrass,-61.63472,45.15528
eelgrass,-61.6285,45.15576
eelgrass,-61.64448,45.16108
eelgrass,-61.64687,45.16252
eelgrass,-61.64766,45.16751
eelgrass,-61.64541,45.16592
eelgrass,-61.64816,45.16498
eelgrass,-61.64084,45.1654
eelgrass,-61.63212,45.15752
eelgrass,-61.64185,45.15581
eelgrass,-61.64119,45.15781
eelgrass,-61.63617,45.15876
eelgrass,-61.63766,45.15577
eelgrass,-61.64179,45.15969
eelgrass,-64.60642,44.14725
eelgrass,-64.60319,44.14755
eelgrass,-61.02112,45.98445
eelgrass,-61.02393,45.98345
eelgrass,-61.02579,45.98184
eelgrass,-64.60924,44.14694
eelgrass,-64.61371,44.15095
eelgrass,-64.60906,44.14878
eelgrass,-64.2142,44.37277
eelgrass,-63.42197,44.65716
eelgrass,-63.42543,44.65558
eelgrass,-63.42921,44.65472
eelgrass,-63.43043,44.65668
eelgrass,-63.43194,44.65883
eelgrass,-63.43502,44.66123
eelgrass,-63.43735,44.66245
eelgrass,-63.44028,44.66293
eelgrass,-63.44423,44.66325
eelgrass,-63.44756,44.66474
eelgrass,-63.44971,44.66686
eelgrass,-63.45359,44.66797
eelgrass,-63.4536,44.6699
eelgrass,-63.45112,44.6713
eelgrass,-63.44633,44.67051
eelgrass,-63.44358,44.6695
eelgrass,-63.44322,44.66743
eelgrass,-63.44021,44.66607
eelgrass,-63.43743,44.66519
eelgrass,-63.43445,44.66441
eelgrass,-62.84252,44.71013
eelgrass,-62.84029,44.70826
eelgrass,-62.84468,44.70688
eelgrass,-62.84415,44.70412
eelgrass,-62.84331,44.70137
eelgrass,-62.84529,44.69986
eelgrass,-62.84231,44.6989
eelgrass,-62.8409,44.69673
eelgrass,-62.84218,44.69476
eelgrass,-62.83906,44.69847
eelgrass,-62.83983,44.70215
eelgrass,-63.00554,44.72323
eelgrass,-63.00809,44.72554
eelgrass,-63.01137,44.72731
eelgrass,-63.01437,44.7292
eelgrass,-63.01652,44.7308
eelgrass,-63.01805,44.73238
eelgrass,-63.01989,44.73046
eelgrass,-63.01779,44.72765
eelgrass,-63.01482,44.72702
eelgrass,-63.01135,44.72539
eelgrass,-63.0094,44.72361
eelgrass,-64.61576,44.14955
eelgrass,-64.59747,44.14269
eelgrass,-64.60243,44.14582
eelgrass,-64.5945,44.15421
eelgrass,-64.5988,44.15422
eelgrass,-64.60146,44.15185
eelgrass,-64.61096,44.15132
eelgrass,-64.61293,44.15272
eelgrass,-62.84032,44.70608
eelgrass,-62.83897,44.70398
eelgrass,-62.83497,44.7029
eelgrass,-62.83241,44.70418
eelgrass,-62.8289,44.70675
eelgrass,-62.82638,44.70842
eelgrass,-62.82384,44.71026
eelgrass,-62.8167,44.71002
eelgrass,-62.81433,44.71083
eelgrass,-62.81358,44.71335
eelgrass,-62.81312,44.71601
eelgrass,-62.8147,44.71795
eelgrass,-62.82092,44.70948
eelgrass,-62.82819,44.71022
eelgrass,-62.83191,44.71036
eelgrass,-62.83407,44.70757
eelgrass,-62.83734,44.70811
eelgrass,-64.60542,44.1491
eelgrass,-64.59562,44.136
eelgrass,-64.59761,44.13442
eelgrass,-64.59304,44.1332
eelgrass,-64.25586,44.40894
eelgrass,-64.25257,44.40941
eelgrass,-64.2522,44.41167
eelgrass,-64.25565,44.41177
eelgrass,-64.2583,44.4117
eelgrass,-64.26049,44.40967
eelgrass,-64.26377,44.40736
eelgrass,-64.26924,44.40925
eelgrass,-64.27215,44.40978
eelgrass,-64.27424,44.40815
eelgrass,-64.2771,44.40699
eelgrass,-64.53227,44.15099
eelgrass,-64.53055,44.14863
eelgrass,-64.52873,44.14622
eelgrass,-60.61491,46.29559
eelgrass,-60.61404,46.29372
eelgrass,-60.61334,46.29111
eelgrass,-60.61317,46.28843
eelgrass,-60.61233,46.28613
eelgrass,-60.61207,46.28337
eelgrass,-60.61184,46.28127
eelgrass,-60.61092,46.27849
eelgrass,-60.60988,46.27539
eelgrass,-60.608,46.26845
eelgrass,-60.60828,46.2664
eelgrass,-60.61208,46.26489
eelgrass,-60.61481,46.26472
eelgrass,-60.6134,46.26248
eelgrass,-60.6071,46.26122
eelgrass,-60.60308,46.25991
eelgrass,-60.5986,46.25898
eelgrass,-60.59529,46.25804
eelgrass,-60.59138,46.25662
eelgrass,-60.59202,46.25403
eelgrass,-60.59496,46.25283
eelgrass,-60.59793,46.25119
eelgrass,-60.60052,46.24936
eelgrass,-60.60195,46.2475
eelgrass,-60.59784,46.24821
eelgrass,-60.5956,46.24919
eelgrass,-60.60128,46.2688
eelgrass,-60.60297,46.27105
eelgrass,-60.60552,46.27372
eelgrass,-64.60854,44.15061
eelgrass,-64.60291,44.15493
eelgrass,-64.59913,44.15667
eelgrass,-64.59697,44.15852
eelgrass,-64.59454,44.15966
eelgrass,-64.5909,44.1586
eelgrass,-64.61192,44.14925
eelgrass,-64.61483,44.15426
eelgrass,-64.53499,44.15563
eelgrass,-64.53256,44.15725
eelgrass,-64.53265,44.15381
eelgrass,-64.5295,44.15182
eelgrass,-64.52624,44.14473
eelgrass,-64.52452,44.13965
eelgrass,-64.52508,44.14231
eelgrass,-64.5261,44.14699
eelgrass,-64.52702,44.1499
eelgrass,-64.60583,44.14481
eelgrass,-64.59949,44.14427
eelgrass,-64.89714,43.8678
eelgrass,-64.89925,43.86884
eelgrass,-64.90217,43.86892
eelgrass,-64.90372,43.87037
eelgrass,-64.90678,43.87208
eelgrass,-64.90928,43.873
eelgrass,-64.91086,43.87479
eelgrass,-64.90633,43.87452
eelgrass,-64.90279,43.8737
eelgrass,-61.02802,45.97992
eelgrass,-61.03071,45.97869
eelgrass,-61.03383,45.97787
eelgrass,-61.01852,45.98353
eelgrass,-61.01487,45.98425
eelgrass,-61.00898,45.98694
eelgrass,-61.01133,45.98559
eelgrass,-64.21715,44.3732
eelgrass,-64.20955,44.37426
eelgrass,-64.21319,44.37465
eelgrass,-64.21018,44.37616
eelgrass,-64.20681,44.37588
eelgrass,-64.2035,44.37383
eelgrass,-64.207,44.37386
eelgrass,-64.2195,44.37388
eelgrass,-63.72603,44.45893
eelgrass,-63.72874,44.45921
eelgrass,-63.73193,44.45952
eelgrass,-63.7356,44.45837
eelgrass,-63.73844,44.45698
eelgrass,-63.7413,44.45621
eelgrass,-63.73576,44.45393
eelgrass,-63.73711,44.45168
eelgrass,-63.73556,44.44979
eelgrass,-63.73293,44.44922
eelgrass,-63.73031,44.44903
eelgrass,-63.72731,44.44881
eelgrass,-63.72373,44.44767
eelgrass,-63.72219,44.45037
eelgrass,-63.71921,44.45216
eelgrass,-63.71498,44.44967
eelgrass,-63.71818,44.45392
eelgrass,-63.7205,44.4557
eelgrass,-63.72287,44.45765
eelgrass,-64.2108,44.37242
eelgrass,-64.2077,44.37164
eelgrass,-64.2047,44.37138
eelgrass,-64.2034,44.36968
eelgrass,-64.2029,44.36789
eelgrass,-64.205,44.3656
eelgrass,-64.2023,44.36602
eelgrass,-64.2037,44.36356
eelgrass,-64.2032,44.36132
eelgrass,-64.2044,44.35955
eelgrass,-64.2045,44.35743
eelgrass,-64.2019,44.35606
eelgrass,-64.2021,44.35375
eelgrass,-64.2115,44.36413
eelgrass,-65.02241,43.81178
eelgrass,-65.01867,43.80375
eelgrass,-65.01556,43.80029
eelgrass,-65.02403,43.80559
eelgrass,-65.02756,43.80678
eelgrass,-65.02947,43.80851
eelgrass,-64.52795,44.1427
eelgrass,-64.52692,44.13684
eelgrass,-64.91461,43.87975
eelgrass,-64.91432,43.87781
eelgrass,-64.90413,43.87595
eelgrass,-64.89953,43.87357
eelgrass,-64.91556,43.87425
eelgrass,-64.89884,43.87125
eelgrass,-64.91165,43.86829
eelgrass,-64.89375,43.87054
eelgrass,-64.89315,43.86796
eelgrass,-64.89233,43.85778
eelgrass,-64.89198,43.85261
eelgrass,-64.88811,43.85101
eelgrass,-64.8848,43.84945
eelgrass,-63.15166,44.68854
eelgrass,-63.15251,44.68674
eelgrass,-63.16786,44.68992
eelgrass,-63.16964,44.68813
eelgrass,-63.17044,44.68579
eelgrass,-63.16042,44.69511
eelgrass,-63.17681,44.69517
eelgrass,-63.17538,44.70276
eelgrass,-63.17803,44.70003
eelgrass,-63.17794,44.70528
eelgrass,-63.18055,44.70719
eelgrass,-63.17931,44.70881
eelgrass,-63.16864,44.71014
eelgrass,-63.16845,44.70785
eelgrass,-63.17294,44.71602
eelgrass,-63.17479,44.71475
eelgrass,-63.17225,44.71359
eelgrass,-63.1707,44.71903
eelgrass,-63.10394,44.69143
eelgrass,-63.12989,44.71197
eelgrass,-63.13703,44.69675
eelgrass,-63.13256,44.69749
eelgrass,-63.09749,44.69078
eelgrass,-63.09798,44.69639
eelgrass,-63.09447,44.69527
eelgrass,-63.10202,44.693
eelgrass,-63.09143,44.69476
eelgrass,-63.07724,44.69978
eelgrass,-63.07458,44.69729
eelgrass,-63.10629,44.69376
eelgrass,-63.08678,44.7005
eelgrass,-63.08309,44.70021
eelgrass,-63.09013,44.69796
eelgrass,-63.08754,44.70897
eelgrass,-63.10357,44.69575
eelgrass,-63.08645,44.70467
eelgrass,-63.07854,44.71221
eelgrass,-63.08604,44.71524
eelgrass,-63.10104,44.721
eelgrass,-63.09815,44.72009
eelgrass,-63.09346,44.71924
eelgrass,-63.11217,44.71367
eelgrass,-63.10813,44.7186
eelgrass,-63.11323,44.69459
eelgrass,-63.11054,44.72
eelgrass,-63.11359,44.72109
eelgrass,-63.11325,44.7193
eelgrass,-63.10813,44.72556
eelgrass,-63.10491,44.72906
eelgrass,-63.11485,44.72791
eelgrass,-63.11183,44.72982
eelgrass,-63.11035,44.733
eelgrass,-63.11291,44.73473
eelgrass,-63.12211,44.73982
eelgrass,-63.13118,44.71614
eelgrass,-63.12866,44.7177
eelgrass,-63.13126,44.71431
eelgrass,-61.9325,45.0771
eelgrass,-61.9303,45.0757
eelgrass,-61.9153,45.0705
eelgrass,-61.9233,45.0716
eelgrass,-61.9265,45.0714
eelgrass,-61.9283,45.0739
eelgrass,-61.9235,45.0738
eelgrass,-64.23585,44.39667
eelgrass,-64.33572,44.32169
eelgrass,-61.99653,45.1397
eelgrass,-61.99667,45.13483
eelgrass,-61.99215,45.13407
eelgrass,-61.98782,45.13196
eelgrass,-61.98627,45.12992
eelgrass,-61.98093,45.12693
eelgrass,-61.98231,45.12523
eelgrass,-61.97806,45.12397
eelgrass,-61.97084,45.12019
eelgrass,-61.97161,45.11829
eelgrass,-61.96694,45.11633
eelgrass,-61.96861,45.11441
eelgrass,-61.96692,45.10495
eelgrass,-61.96315,45.10656
eelgrass,-61.96297,45.09941
eelgrass,-61.95719,45.09169
eelgrass,-61.94901,45.08171
eelgrass,-61.93785,45.07909
eelgrass,-61.93366,45.0794
eelgrass,-61.93275,45.07335
eelgrass,-61.92608,45.06955
eelgrass,-61.91987,45.07321
eelgrass,-61.92096,45.07063
eelgrass,-61.91744,45.07164
eelgrass,-61.91713,45.06849
eelgrass,-61.91401,45.0687
eelgrass,-61.91607,45.06519
eelgrass,-61.91478,45.06347
eelgrass,-61.91033,45.05979
eelgrass,-61.90767,45.06145
eelgrass,-61.90718,45.05878
eelgrass,-61.90002,45.05142
eelgrass,-61.89858,45.04976
eelgrass,-61.89573,45.04819
eelgrass,-61.89256,45.048
eelgrass,-61.88887,45.05017
eelgrass,-61.88942,45.04735
eelgrass,-61.89117,45.0457
eelgrass,-61.89294,45.04186
eelgrass,-61.88376,45.03931
eelgrass,-61.88532,45.04267
eelgrass,-62.33555,44.9042
eelgrass,-62.33223,44.90062
eelgrass,-62.32707,44.89862
eelgrass,-62.32465,44.91278
eelgrass,-62.33771,44.91374
eelgrass,-62.3309,44.8978
eelgrass,-62.32806,44.89696
eelgrass,-62.32682,44.90332
eelgrass,-62.32792,44.90925
eelgrass,-62.34319,44.91233
