"","X.1","X","PA","cover","suitability8","suitability9","bathy_m","slope","bpi_broad","bpi_fine","sub_type","rei","temp1m_median","temp1m_qrange","ws1m_q90","coords.lat","coords.lon","biomass"
"1",164,164,0,0,121,607,-0.864400089,0.985285938,19,1,1,0.055665776,15.17800045,0.512000024,0.079000004,45.09629665,-61.72823398,23.549243
"2",167,167,0,0,261,272,-2.486318827,3.300198078,2,-2,1,0.001144362,21.82600021,2.354000092,0.377000004,45.08184481,-61.94913082,23.549243
"3",168,168,0,0,746,717,1,0,7,1,1,0.031080935,21.3939991,3.084000111,0.150000006,45.07918047,-61.93361554,23.549243
"4",170,170,0,0,617,630,1,0,7,1,1,0.001742138,21.69599915,2.743999958,0.136000007,45.07890276,-61.93762289,23.549243
"5",172,172,0,0,30,77,-7.429384232,5.098628998,10,2,1,0.174561858,12.04199982,0.453999996,0.052000001,45.07740329,-61.81714363,23.549243
"6",174,174,0,0,245,363,-2.233574867,0.671382725,4,-2,1,0.00184504,21.48699951,3.267999887,0.181999996,45.07698372,-61.93454575,23.549243
"7",176,176,0,0,33,91,-4.977475166,2.368991137,12,3,3,0.187379017,12.79699993,0.674000025,0.048,45.07520752,-61.81807825,23.549243
"8",177,177,0,0,53,173,-1.959441543,2.09274888,15,3,1,0.157865718,13.6260004,0.879999995,0.044,45.07398888,-61.82210522,23.549243
"9",181,181,0,0,471,602,0.822462559,0.205133632,8,1,1,0.001533392,21.3939991,3.704999924,0.143999994,45.07350202,-61.93283187,23.549243
"10",192,192,0,0,308,387,-2.206211805,0.765763283,7,-1,1,0.002262956,19.74399948,6.508999825,0.175999999,45.07055414,-61.92088193,23.549243
"11",193,193,0,0,720,710,1,0,11,1,1,0.002271096,18.95000076,6.497000217,0.187999994,45.07049939,-61.91510288,23.549243
"12",196,196,0,0,398,462,-3.030751705,3.857017517,7,-2,1,0.004304612,18.4659996,6.663000107,0.263000011,45.06859667,-61.91380505,23.549243
"13",199,199,0,0,636,357,0.604716361,1.104951739,18,4,3,0.182810619,14.06900024,1.200999975,0.041999999,45.0656524,-61.83872607,23.549243
"14",200,200,0,0,623,508,0.931246281,0.566177547,18,5,3,0.217321336,14.19400024,1.177999973,0.055,45.06492709,-61.8294046,23.549243
"15",201,201,0,0,31,77,-5.744636059,1.652167559,12,2,3,0.220412776,12.94699955,0.768999994,0.082000002,45.06481264,-61.8182925,23.549243
"16",204,204,0,0,216,170,-4.234477997,0.686397612,13,0,1,0.195776209,13.50699997,0.994000018,0.037999999,45.06221449,-61.84146303,23.549243
"17",206,206,0,0,690,675,1,0,13,1,1,0.001682621,16.77199936,5.994999886,0.289999992,45.06096439,-61.90639228,23.549243
"18",207,207,0,0,44,119,-2.416479826,3.069453716,15,9,3,0.22866182,12.38000011,0.629000008,0.067000002,45.06007849,-61.81750095,23.549243
"19",208,208,0,0,696,582,0.089712292,3.221165895,12,0,1,0.035911489,16.86300087,6.349999905,0.282000005,45.05973835,-61.90997196,23.549243
"20",209,209,0,0,398,254,-3.087052584,0.725677371,14,1,1,0.157343134,13.47099972,0.949999988,0.041000001,45.05880348,-61.84686629,23.549243
"21",210,210,0,0,219,197,-5.373233795,2.306234598,7,-4,1,0.03613615,16.56200027,5.875,0.333000004,45.05845284,-61.90732922,23.549243
"22",211,211,0,0,125,77,-8.512724876,0.368119389,9,0,1,0.265584379,12.41300011,0.791999996,0.046,45.05651742,-61.838911,23.549243
"23",212,212,0,0,29,76,-8.331461906,1.080294013,9,0,2,0.225605875,12.59899998,0.787,0.045000002,45.0533945,-61.84164114,23.549243
"24",215,215,0,0,596,522,-1.71903801,0.452991813,13,0,1,0.09101551,15.34500027,4.978000164,0.204999998,45.04954298,-61.89816524,23.549243
"25",216,216,0,0,628,539,-1.61899364,0.684851885,14,0,2,0.103435859,15.02600002,4.368999958,0.215000004,45.0482572,-61.89552323,23.549243
"26",217,217,0,0,67,129,-0.055393372,1.737816095,18,9,3,0.380080283,12.74800014,0.875,0.082000002,45.04771548,-61.84086689,23.549243
"27",218,218,0,0,459,390,-2.797394037,0.488129437,13,0,1,0.131728292,14.29399967,3.236000061,0.149000004,45.04791207,-61.89241875,23.549243
"28",219,219,0,0,289,336,-3.288828373,0.822238266,13,0,2,0.132287845,14.125,2.619999886,0.108999997,45.04725184,-61.8893204,23.549243
"29",220,220,0,0,470,550,-2.001497984,0.212413549,14,0,2,0.131881252,13.94499969,2.670000076,0.116999999,45.04601772,-61.89201088,23.549243
"30",221,221,0,0,337,169,-1.886363626,1.536864042,15,3,3,0.179346994,13.97700024,1.531000018,0.061000001,45.04592245,-61.88223523,23.549243
"31",222,222,0,0,148,76,-5.688635826,1.165826797,12,0,1,0.243818209,12.83500004,1.220999956,0.048,45.04366947,-61.87739055,23.549243
"32",223,223,0,0,162,116,-6.267918587,0.362979233,11,0,1,0.161787927,13.13799953,1.307000041,0.066,45.04248346,-61.88496863,23.549243
"33",224,224,0,0,119,69,-7.908193588,0.437489361,10,0,1,0.274808615,12.76000023,1.17900002,0.046999998,45.04204191,-61.87208957,23.549243
"34",225,225,0,0,199,257,-3.87360692,1.24214077,13,0,1,0.127804786,13.95300007,1.881000042,0.064000003,45.04193126,-61.89297857,23.549243
"35",226,226,0,0,30,55,-6.145990372,2.281893969,12,3,3,0.395578921,12.63199997,0.964999974,0.097000003,45.041123,-61.843222,23.549243
"36",227,227,0,0,141,87,-7.842430115,0.138760492,10,0,1,0.205482945,12.34700012,0.968999982,0.052999999,45.03866863,-61.88148773,23.549243
"37",228,228,0,0,61,131,-0.426493406,2.543794394,18,8,3,0.334102124,13.27799988,1.152999997,0.071000002,45.03812944,-61.85883531,23.549243
"38",229,229,0,0,46,153,-6.513183117,2.697878122,7,0,1,0.004420383,13.52700043,0.80400002,0.037,44.96614121,-62.08705302,23.549243
"39",230,230,0,0,118,135,-7.024219513,2.686188221,4,-2,1,0.002532673,13.39400005,1.143000007,0.044,44.96162982,-62.15591047,23.549243
"40",234,234,0,0,110,451,-0.89386791,3.213572025,13,4,1,0.002120206,13.74300003,0.947000027,0.026000001,44.94570236,-62.1752212,23.549243
"41",235,235,0,0,597,482,-1.946590781,1.297016263,12,1,3,0.025052361,14.57400036,1.30400002,0.052999999,44.94493396,-62.20007668,23.549243
"42",236,236,0,0,191,175,-5.411813259,2.163769007,9,-1,2,0.014792068,14.73200035,1.399999976,0.061999999,44.94421304,-62.18722096,23.549243
"43",238,238,0,0,141,190,-7.418572903,4.047118664,7,-3,1,0.004859501,13.86699963,1.116999984,0.063000001,44.94145919,-62.19879406,23.549243
"44",240,240,0,0,41,92,-2.776382446,1.33306241,19,8,3,0.292818487,11.35599995,1.177999973,0.066,44.93129039,-62.06321031,23.549243
"45",241,241,0,0,45,164,-5.765924454,1.567684889,11,3,3,0.069331996,12.43599987,0.742999971,0.064999998,44.93155891,-62.13727851,23.549243
"46",242,242,0,0,43,180,-8.725289345,1.286154509,8,-3,1,0.056515455,13.04199982,0.898999989,0.097999997,44.93113973,-62.16567167,23.549243
"47",243,243,0,0,584,576,-2.290910244,0.137503937,11,0,1,0.004029197,14.86999989,1.707999945,0.029999999,44.92465832,-62.27796979,23.549243
"48",244,244,0,0,87,447,-1.111257434,0.266190708,13,1,1,0.001525993,15.53800011,2.095000029,0.030999999,44.92336719,-62.27310763,23.549243
"49",246,246,0,0,33,95,-6.007189274,0.676636398,10,4,3,0.239728332,11.55799961,0.842999995,0.082000002,44.92199469,-62.2088211,23.549243
"50",248,248,0,0,448,364,-1.38759768,2.148035765,12,0,1,0.001813906,17.14299965,1.832000017,0.041000001,44.91399179,-62.33752074,23.549243
"51",249,249,0,0,379,463,-0.499521345,0.561282277,14,0,1,0.00152211,18.87199974,2.700000048,0.044,44.91265889,-62.32512077,23.549243
"52",250,250,0,0,457,484,-3.414723396,0.212327793,10,-1,1,0.03091844,15.80300045,1.386000037,0.052999999,44.91244727,-62.3428593,23.549243
"53",251,251,0,0,363,450,-0.045951225,1.9919734,15,1,1,0.001061194,17.48900032,2.773000002,0.075000003,44.90920903,-62.32782141,23.549243
"54",252,252,0,0,35,58,-4.506511211,3.163925171,19,26,3,0.476610035,8.972999573,0.550999999,0.093999997,44.90709825,-62.07158385,23.549243
"55",253,253,0,0,233,191,-6.598674297,0.208115786,10,-2,1,0.084167175,12.64299965,1.123999953,0.046999998,44.90656139,-62.30657117,23.549243
"56",254,254,0,0,417,476,-3.470244884,0.062380247,11,0,1,0.002944869,14.82499981,1.131000042,0.066,44.90425848,-62.34339594,23.549243
"57",255,255,0,0,650,629,-1.455809355,0.314495504,14,1,1,0.04525112,15.0710001,1.988000035,0.07,44.90421232,-62.33541638,23.549243
"58",256,256,0,0,525,523,-1.582359791,0.877612174,14,0,1,0.003054881,15.78800011,2.529000044,0.066,44.90321523,-62.32656127,23.549243
"59",257,257,0,0,494,414,-2.317309618,1.674658418,13,0,1,0.018916445,14.6239996,1.590999961,0.088,44.90267045,-62.34119739,23.549243
"60",258,258,0,0,509,565,-2.073505878,0.549812198,14,0,1,0.004847081,14.27000046,2.380000114,0.082000002,44.90041619,-62.33280027,23.549243
"61",259,259,0,0,100,412,-2.392088175,1.552013755,14,0,1,0.067659765,14.20800018,2.459000111,0.142000005,44.89849207,-62.3270597,23.549243
"62",260,260,0,0,129,594,-1.190701723,0.317863047,15,1,2,0.015133086,13.73799992,2.266000032,0.101000004,44.89788021,-62.33016986,23.549243
"63",261,261,0,0,73,279,-2.673226595,2.438042164,9,3,3,0.067849949,12.34799957,0.922999978,0.045000002,44.89331357,-62.41665746,23.549243
"64",262,262,0,0,42,154,-8.633968353,5.674665928,4,1,3,0.043413945,10.76900005,0.760999978,0.054000001,44.89160409,-62.39096675,23.549243
"65",263,263,0,0,30,54,-6.302090645,1.835681558,16,3,0,0.515502393,12.28600025,0.681999981,0.088,44.88975501,-62.19419352,23.549243
"66",264,264,0,0,178,157,-7.398473263,0.262437463,10,-2,1,0.103763215,12.20899963,1.027999997,0.066,44.88753,-62.33826777,23.549243
"67",265,265,0,0,53,217,-1.762222886,0.636139393,17,6,0,0.206500933,12.37199974,1.055999994,0.067000002,44.88586644,-62.32321815,23.549243
"68",266,266,0,0,36,69,-3.888958931,4.025569916,16,10,3,0.28744939,10.77099991,0.686999977,0.068999998,44.88291106,-62.30330995,23.549243
"69",267,267,0,0,75,353,-2.715205669,0.437634319,15,5,3,0.141226411,11.87300014,0.758000016,0.075000003,44.88184619,-62.3361171,23.549243
"70",268,268,0,0,57,91,-4.137556076,0.223760352,18,6,3,0.480396867,11.04500008,0.552999973,0.079000004,44.88023658,-62.27852562,23.549243
"71",269,269,0,0,75,367,-2.92825985,3.474280596,8,8,3,0.005199446,11.39799976,1.026000023,0.046999998,44.88007414,-62.48060524,23.549243
"72",270,270,0,0,29,51,-6.87218523,4.628820419,14,5,3,0.38306281,11.29699993,0.816999972,0.082000002,44.87873629,-62.29050921,23.549243
"73",271,271,0,0,49,176,-4.992526054,2.720640659,6,6,2,0.005649485,11.90200043,1.157999992,0.039000001,44.87471205,-62.47932414,23.549243
"74",272,272,0,0,29,66,-7.27087307,7.146867275,12,2,0,0.224061489,11.57400036,0.615999997,0.082999997,44.86953588,-62.33227099,23.549243
"75",273,273,0,0,32,77,-6.996089935,1.460284352,8,5,3,0.172475278,11.40200043,0.791999996,0.071999997,44.86705791,-62.39654228,23.549243
"76",274,274,0,0,114,548,-0.913282514,0.421187699,13,3,2,0.005475774,12.21199989,1.018000007,0.035,44.86656963,-62.42401642,23.549243
"77",275,275,0,0,367,444,-1.071991205,0.315817982,13,1,1,0.001770776,14.47500038,3,0.071999997,44.85788529,-62.4520109,23.549243
"78",276,276,0,0,321,417,-1.013960719,0.644827485,13,0,1,0.001502982,15.56999969,3.21600008,0.086999997,44.85727634,-62.45644645,23.549243
"79",277,277,0,0,324,290,-3.799601555,2.614219904,11,0,1,0.03408955,12.79399967,2.075000048,0.052999999,44.85627361,-62.44449569,23.549243
"80",278,278,0,0,438,492,-1.739285946,0.277266085,9,2,1,0.002978325,14.9119997,1.86500001,0.026000001,44.8548386,-62.54771895,23.549243
"81",279,279,0,0,251,352,-2.020848751,1.098790526,9,0,2,0.002573867,14.92500019,2.072000027,0.024,44.85451121,-62.54462082,23.549243
"82",280,280,0,0,371,434,-0.980360031,0.95871532,13,0,2,0.002224213,14.75800037,2.786000013,0.082999997,44.85383166,-62.46090837,23.549243
"83",281,281,0,0,59,221,-2.909752369,2.225597382,13,2,2,0.124005765,11.83500004,1.070000052,0.063000001,44.85216053,-62.44099173,23.549243
"84",282,282,0,0,51,137,-8.029528618,0.410661668,8,-1,1,0.113746867,11.4630003,0.927999973,0.064999998,44.84995293,-62.44057016,23.549243
"85",283,283,0,0,29,69,-10.13979149,4.609451294,8,0,3,0.226419434,11.35000038,0.623000026,0.067000002,44.84969917,-62.39096562,23.549243
"86",284,284,0,0,394,519,-1.351464987,0.246817186,10,3,1,0.002844145,14.16399956,1.70599997,0.028999999,44.84978699,-62.54510097,23.549243
"87",285,285,0,0,263,450,-0.356395066,0.59522146,12,3,1,0.000874332,13.96399975,1.791000009,0.024,44.84599026,-62.54114483,23.549243
"88",286,286,0,0,57,242,-3.454745531,3.639762163,10,5,1,0.001630747,11.97799969,0.852999985,0.046,44.84183108,-62.52567777,23.549243
"89",288,288,0,0,35,61,-4.897581577,6.643687248,14,3,0,0.364954263,11.29300022,1.031999946,0.093000002,44.83882422,-62.42030739,23.549243
"90",289,289,0,0,333,416,-0.292535752,0.906699717,11,2,1,0.00083864,16.2140007,2.299999952,0.029999999,44.83867315,-62.60674252,23.549243
"91",290,290,0,0,140,182,-8.276819229,0.687960684,2,-2,1,0.059907168,12.07999992,1.223999977,0.039000001,44.83271848,-62.6160816,23.549243
"92",291,291,0,0,408,208,-1.079219699,1.32438457,17,6,3,0.16241692,11.35000038,1.034000039,0.059,44.83172667,-62.45048772,23.549243
"93",292,292,0,0,144,135,-7.195467949,3.41445446,3,0,1,0.071405888,12.33399963,1.177999973,0.034000002,44.83178069,-62.61830174,23.549243
"94",295,295,0,0,31,54,-5.972332478,2.325051069,13,11,3,0.520447969,10.46500015,0.637000024,0.064000003,44.81150604,-62.50733605,23.549243
"95",298,298,0,0,306,429,-1.820211291,0.664407969,13,0,1,0.001455621,14.13500023,1.167999983,0.057999998,44.80697161,-62.64369317,23.549243
"96",299,299,0,0,52,151,-2.997889757,2.100661516,15,0,3,0.155802146,12.78899956,1.144000053,0.104999997,44.80473768,-62.54678288,23.549243
"97",300,300,0,0,281,316,-2.952956915,1.739255786,12,0,1,0.001631753,13.84300041,0.964999974,0.118000001,44.8044455,-62.64193842,23.549243
"98",301,301,0,0,307,437,-1.753173828,0.703689575,13,1,1,0.001102364,13.79399967,1.116999984,0.064000003,44.80226333,-62.64947538,23.549243
"99",302,302,0,0,247,183,-3.303248644,0.6913082,15,0,2,0.186621711,12.58899975,1.235000014,0.052999999,44.8015975,-62.54946277,23.549243
"100",303,303,0,0,33,59,-5.027970314,2.327304602,14,4,2,0.368462473,11.56499958,1.407999992,0.041999999,44.79723813,-62.56277224,23.549243
"101",304,304,0,0,75,414,-2.565834284,1.587551951,12,1,3,0.030982999,13.99499989,1.366000056,0.07,44.79448108,-62.68182479,23.549243
"102",307,307,0,0,72,185,1,8.074457169,19,16,0,0.264363945,10.06900024,1.335999966,0.050999999,44.78138106,-62.62217315,23.549243
"103",308,308,0,0,36,147,-7.973174095,3.224961042,7,1,3,0.034839816,10.64799976,1.40199995,0.039999999,44.78037131,-62.70756087,23.549243
"104",309,309,0,0,148,136,-7.044773102,0.449533761,11,-1,1,0.1223066,11.19299984,0.967999995,0.083999999,44.77775461,-62.67218453,23.549243
"105",311,311,0,0,218,185,-4.829893589,2.741820812,8,3,3,0.017612245,10.57600021,0.883000016,0.055,44.77636245,-62.74385453,23.549243
"106",313,313,0,0,99,532,-0.673525393,2.047018766,12,3,2,0.002865719,13.07499981,1.309999943,0.155000001,44.77324067,-62.75713837,23.549243
"107",316,316,0,0,295,284,-4.932470322,0.057970699,-1,0,1,0.003901636,16.88699913,0.709999979,0.034000002,44.76971362,-63.03138414,23.549243
"108",317,317,0,0,45,136,-4.665659904,5.445517063,11,9,0,0.12567766,10.41499996,0.851999998,0.063000001,44.76811763,-62.72133388,23.549243
"109",318,318,0,0,41,122,-5.368802547,2.4697752,10,7,2,0.10593012,10.40100002,0.847000003,0.043000001,44.76622933,-62.72222752,23.549243
"110",319,319,0,0,210,251,-9.756685257,0.067696504,1,0,1,0.011468626,11.16100025,0.972000003,0.079999998,44.76543906,-62.79564903,23.549243
"111",322,322,0,0,135,152,-6.784888744,1.212717295,6,0,1,0.005208494,11.82499981,1.085000038,0.071000002,44.75754345,-62.78550591,23.549243
"112",323,323,0,0,97,508,-2.665659428,3.223941565,13,3,1,0.003694355,12.93400002,1.039000034,0.054000001,44.75680953,-62.73598115,23.549243
"113",324,324,0,0,64,369,-3.574845791,4.367881298,13,0,1,0.00230111,13.43000031,1.215000033,0.027000001,44.75616385,-62.72935102,23.549243
"114",325,325,0,0,524,497,-0.259319782,2.792854071,13,3,2,0.002562886,12.72799969,1.425999999,0.089000002,44.75409225,-62.79347807,23.549243
"115",329,329,0,0,417,404,-2.434602261,0.851291895,4,1,1,0.005074814,14.64700031,2.684999943,0.125,44.74419194,-63.03181245,23.549243
"116",331,331,0,0,36,70,-3.838727951,2.133253098,14,9,3,0.299685657,10.44099998,0.966000021,0.071999997,44.74164898,-62.72057687,23.549243
"117",332,332,0,0,427,510,0.205351233,0.344862252,4,1,0,0.000782815,20.84900093,3.349999905,0.377000004,44.74035165,-63.12066925,23.549243
"118",335,335,0,0,477,477,0.212010458,0.181516841,5,0,0,0.000606376,20.75200081,3.845999956,0.365999997,44.73783285,-63.11889575,23.549243
"119",337,337,0,0,330,372,-1.957541108,0.804677546,6,0,1,0.002442983,15.96899986,1.830000043,0.122000001,44.73473973,-63.03092318,23.549243
"120",340,340,0,0,208,178,-8.253155708,0.178245768,7,0,1,0.101440996,10.54300022,0.92900002,0.059,44.73238526,-62.81300437,23.549243
"121",344,344,0,0,609,528,0.166844442,1.550603628,11,3,1,0.002509598,15.50899982,3.223999977,0.291999996,44.73033104,-63.01987064,23.549243
"122",346,346,0,0,624,629,0.817964256,0.460001022,7,1,1,0.002498039,19.30900002,5.951000214,0.256999999,44.72902441,-63.10473377,23.549243
"123",351,351,0,0,75,410,-1.321126103,0.837304711,15,4,3,0.001297513,11.9090004,1.128000021,0.035,44.72609079,-62.81744441,23.549243
"124",352,352,0,0,583,473,-0.1978378,0.939942062,12,3,1,0.002072274,14.62300014,4.632999897,0.458000004,44.72592089,-63.01279754,23.549243
"125",353,353,0,0,416,249,-1.214796543,0.985154092,14,4,1,0.16704616,11.56200027,1.440999985,0.085000001,44.72590158,-62.93235825,23.549243
"126",356,356,0,0,587,497,-0.493823797,0.41030249,12,3,1,0.002036218,14.36200047,4.659999847,0.414999992,44.72466079,-63.01058744,23.549243
"127",359,359,0,0,407,267,-1.322195172,0.536633849,15,1,1,0.215488166,12.41899967,1.58099997,0.068999998,44.72303577,-62.89302785,23.549243
"128",364,364,0,0,37,85,-3.6897645,2.020292282,13,5,3,0.259214997,10.69699955,1.215000033,0.075999998,44.7199015,-62.91247847,23.549243
"129",367,367,0,0,573,612,0.396842808,0.162694782,9,0,1,0.001541509,18.7140007,5.06799984,0.170000002,44.71924886,-63.11311268,23.549243
"130",368,368,0,0,653,625,1,0.582878411,10,2,3,0.002782667,18.06699944,6.830999851,1.485000014,44.71926646,-63.09366808,23.549243
"131",370,370,0,0,687,589,1,0.089427277,9,0,1,0.001568065,19.96500015,3.640000105,0.151999995,44.71765708,-63.12857648,23.549243
"132",371,371,0,0,665,535,1,0,10,0,0,0.000511924,18.56900024,3.938999891,0.086999997,44.71703466,-63.12150459,23.549243
"133",372,372,0,0,363,411,-1.161505818,1.241098881,17,0,0,0.001233084,14.56499958,3.108999968,0.068999998,44.71694773,-62.81393791,23.549243
"134",373,373,0,0,214,61,-4.61211729,1.508031845,14,12,3,0.408140749,9.592000008,1.069000006,0.085000001,44.71624933,-62.7759367,23.549243
"135",376,376,0,0,761,700,0.653632462,0.354315132,11,2,1,0.032286711,16.97400093,6.760000229,0.51700002,44.7151763,-63.08614931,23.549243
"136",381,381,0,0,462,468,0.527696192,0.219597027,10,0,1,0.000580946,18.19799995,4.131999969,0.196999997,44.71357824,-63.11221788,23.549243
"137",385,385,0,0,675,643,0.675533712,0.81414324,20,2,1,0.061863672,13.61100006,1.791000009,0.090000004,44.71035779,-62.8311914,23.549243
"138",388,388,0,0,260,480,1,0.622909606,21,1,2,0.000465211,13.09200001,1.565000057,0.207000002,44.71005911,-62.84268046,23.549243
"139",391,391,0,0,52,144,-1.157525063,1.540143967,16,5,1,0.231561869,11.43400002,1.337000012,0.082999997,44.70984887,-62.97170177,23.549243
"140",392,392,0,0,627,474,-2.219312906,0.089685835,14,3,1,0.126883253,12.61800003,3.463000059,0.356000006,44.7095371,-63.00660803,23.549243
"141",401,401,0,0,575,640,0.248826802,0.742463768,20,2,3,0.156173155,13.44999981,1.541000009,0.097999997,44.70751677,-62.82766498,23.549243
"142",411,411,0,0,661,610,-2.300977945,0.213734552,18,0,1,0.075345054,12.62899971,1.480000019,0.209999993,44.70439004,-62.84446305,23.549243
"143",420,420,0,0,30,68,-5.826982021,2.359621048,14,7,3,0.229082927,9.975999832,1.110999942,0.104000002,44.70179522,-62.7971984,23.549243
"144",424,424,0,0,689,550,-0.605963349,0.399864167,9,0,0,0.084380537,15.63000011,6.578999996,0.25999999,44.7002659,-63.17492477,23.549243
"145",430,430,0,0,384,167,-1.07525146,3.359582901,19,7,3,0.190340117,10.38799953,1.190999985,0.135000005,44.69897633,-62.80692717,23.549243
"146",448,448,0,0,769,708,0.691811621,0.084527209,14,0,1,0.003230753,13.31299973,5.494999886,0.181999996,44.69310736,-63.10201867,23.549243
"147",449,449,0,0,475,272,0.177262023,1.72290647,23,13,3,0.127995461,10.07800007,1.139000058,0.125,44.69309952,-62.88954917,23.549243
"148",450,450,0,0,326,119,-2.886972904,2.106273413,20,6,3,0.18746148,10.76599979,1.332000017,0.101999998,44.69275034,-62.85862931,23.549243
"149",452,452,0,0,723,659,0.682812512,0.011954269,14,1,1,0.00263738,13.24400043,5.117000103,0.245000005,44.69153035,-63.10378275,23.549243
"150",453,453,0,0,699,642,1,0.004081539,14,1,1,0.002487531,12.87199974,4.650000095,0.333000004,44.69090563,-63.09759773,23.549243
"151",455,455,0,0,128,411,-0.166188791,3.989276171,21,10,0,0.043190945,10.00500011,0.815999985,0.064999998,44.68999846,-62.97126974,23.549243
"152",457,457,0,0,558,303,-0.432213694,1.441141367,10,2,2,0.150493592,13.15400028,3.90899992,0.208000004,44.68798566,-63.16958758,23.549243
"153",462,462,0,0,31,53,-6.213067532,2.308823586,18,15,3,0.520622492,8.899999619,0.861000001,0.094999999,44.67576508,-62.88472458,23.549243
"154",465,465,0,0,710,649,-1.5,0,5,0,1,0.002943974,16.64900017,2.960999966,0.045000002,44.67019678,-63.45345262,23.549243
"155",472,472,0,0,678,629,-1.5,0,6,0,1,0.002875513,15.82400036,1.590999961,0.079999998,44.66548982,-63.44855926,23.549243
"156",473,473,0,0,706,645,-1.5,0,6,0,1,0.003634737,13.48400021,0.663999975,0.037999999,44.66521586,-63.43796085,23.549243
"157",475,475,0,0,630,570,-1.500360727,0.132970065,6,0,1,0.002749532,14.87699986,0.938000023,0.037,44.66361833,-63.44368833,23.549243
"158",478,478,0,0,500,511,-1.565669656,0.506267369,8,0,1,0.003255106,15.15600014,1.019000053,0.041999999,44.65924959,-63.43261833,23.549243
"159",479,479,0,0,534,532,-1.521659851,0.372742265,8,0,1,0.003181473,14.41100025,0.995999992,0.041000001,44.65767921,-63.43128229,23.549243
"160",480,480,0,0,668,510,-1.530500889,0.101042882,9,0,1,0.003217363,14.69099998,1.251000047,0.057999998,44.65708042,-63.42289028,23.549243
"161",481,481,0,0,365,392,-1.719051242,0.56832993,9,0,1,0.002008235,15.40699959,1.832000017,0.266000003,44.65677512,-63.42023937,23.549243
"162",482,482,0,0,662,611,-1.5,0,9,0,1,0.002840929,15.40600014,1.289000034,0.035999998,44.65549684,-63.42508597,23.549243
"163",483,483,0,0,311,371,-2.089337826,0.829295456,8,0,1,0.002552597,15.56900024,1.233999968,0.029999999,44.65453675,-63.42905183,23.549243
"164",484,484,0,0,134,60,-7.207723618,2.17315793,19,21,3,0.620004356,7.593999863,1.083999991,0.143000007,44.65026507,-62.90905206,23.549243
"165",486,486,0,0,297,172,-5.365095615,4.290891171,28,29,0,0.047943641,8.321000099,0.703000009,0.061000001,44.5958449,-63.96089051,23.549243
"166",490,490,0,0,244,137,-4.603461266,1.728978515,33,10,0,0.151643559,9.961000443,1.036999941,0.092,44.54108207,-63.95338066,23.549243
"167",491,491,0,0,495,298,-1.82479775,4.580402851,34,29,0,0.053528987,8.152999878,0.786000013,0.022,44.53738448,-64.01675873,23.549243
"168",494,494,0,0,199,130,-7.933684349,5.238694191,16,19,0,0.058642067,9.954000473,0.455000013,0.046999998,44.49362626,-64.17667634,23.549243
"169",497,497,0,0,126,517,0.250921488,4.301434994,24,18,0,0.014590557,10.68500042,1.208999991,0.078000002,44.47480608,-64.13713155,23.549243
"170",499,499,0,0,52,78,-2.208364964,4.962407589,36,18,0,0.376310796,10.11999989,1.574000001,0.068999998,44.47758365,-63.54657874,23.549243
"171",500,500,0,0,83,392,-1.219045043,1.43550384,36,7,0,0.08484026,10.2869997,1.424000025,0.048,44.47360854,-63.58570743,23.549243
"172",501,501,0,0,93,428,-2.975396395,2.209631681,37,2,2,0.002060387,12.1619997,1.20599997,0.072999999,44.45953012,-63.73207308,23.549243
"173",502,502,0,0,113,552,0.326478004,2.898095131,40,5,2,0.001622854,13.39700031,1.460999966,0.064000003,44.45891686,-63.72942569,23.549243
"174",503,503,0,0,96,456,-0.236047074,1.896009684,39,3,2,0.001193762,14.99800014,1.707000017,0.039999999,44.45894767,-63.72458657,23.549243
"175",506,506,0,0,94,530,-1.522719502,1.31625104,38,1,2,0.084175676,12.00399971,1.523000002,0.018999999,44.45738902,-63.72192764,23.549243
"176",508,508,0,0,85,361,-4.311228752,7.58438015,28,8,0,0.002977435,10.05099964,1.095999956,0.079000004,44.45586869,-63.66075841,23.549243
"177",509,509,0,0,82,360,-4.083210468,6.968214035,37,1,2,0.001131259,11.99100018,1.355999947,0.061999999,44.4550965,-63.73553709,23.549243
"178",511,511,0,0,90,345,0.860437691,1.576188326,40,6,2,0.148382455,11.05799961,1.279999971,0.035999998,44.45425771,-63.71880962,23.549243
"179",512,512,0,0,83,418,-3.045062304,3.929409742,38,3,2,0.029984951,12.06700039,1.353999972,0.068000004,44.45320607,-63.73551336,23.549243
"180",515,515,0,0,87,404,-1.360963821,2.576372862,39,2,2,0.104507573,12.19099998,1.875,0.166999996,44.45045464,-63.7222821,23.549243
"181",517,517,0,0,90,314,-5.813249111,10.14277077,34,3,0,0.003763595,10.19699955,1.069000006,0.071000002,44.44956471,-63.71347345,23.549243
"182",518,518,0,0,89,375,-2.437630415,4.33702755,38,1,1,0.000973168,12.95400047,1.743999958,0.131999999,44.44914401,-63.73018381,23.549243
"183",520,520,0,0,330,113,-2.585891724,2.804981232,20,11,0,0.204064623,10.68500042,0.814999998,0.101999998,44.44514013,-64.14183402,23.549243
"184",521,521,0,0,137,599,0.743315399,2.422912598,41,4,1,0.030409001,11.79199982,1.549999952,0.082000002,44.44792292,-63.72401039,23.549243
"185",523,523,0,0,89,367,-2.813938141,4.508822918,19,10,0,0.012013443,11.08600044,0.967999995,0.107000001,44.4285569,-64.13007822,23.549243
"186",525,525,0,0,609,396,-0.556851327,3.53583622,16,12,2,0.040478449,10.82299995,0.800000012,0.037999999,44.41182185,-64.25416264,23.549243
"187",527,527,0,0,574,440,0.600749612,1.251664042,17,12,2,0.044459891,11.48900032,1.023000002,0.064000003,44.41122555,-64.25107273,23.549243
"188",536,536,0,0,380,479,-0.721182883,0.493998587,11,5,1,0.001393646,15.93599987,1.286999941,0.054000001,44.40062509,-64.29743544,23.549243
"189",537,537,0,0,256,389,-0.054137409,1.221991539,11,2,1,0.000848887,18.60199928,3.003999949,0.086999997,44.3994131,-64.32070249,23.549243
"190",540,540,0,0,322,554,0.436118603,0.510254979,15,2,3,0.000882509,14.44200039,3.127000093,0.086999997,44.39970542,-64.26708901,23.549243
"191",544,544,0,0,36,93,-4.153067589,3.117757082,14,5,0,0.206291586,12.23099995,0.90200001,0.145999998,44.399417,-64.20643084,23.549243
"192",545,545,0,0,343,369,-1.824211121,4.400085926,12,3,1,0.001470025,14.85700035,1.480999947,0.083999999,44.39829832,-64.28024358,23.549243
"193",555,555,0,0,332,336,-1.068038464,2.759481907,11,4,1,0.001175811,15.83600044,1.194000006,0.101000004,44.39091426,-64.29238698,23.549243
"194",556,556,0,0,385,409,-0.806218386,3.917162895,13,3,3,0.001448755,14.0170002,2.319000006,0.441000015,44.39114607,-64.27173818,23.549243
"195",560,560,0,0,369,484,-0.21946156,0.154909506,10,0,1,0.000834808,20.41399956,2.190999985,0.037,44.38314855,-64.31023086,23.549243
"196",561,561,0,0,340,351,-0.967846751,3.396424532,11,0,1,0.001219749,16.7329998,2.012000084,0.072999999,44.38340833,-64.28738855,23.549243
"197",563,563,0,0,321,364,-0.46014908,1.300760746,10,0,1,0.000819891,19.99799919,2.141000032,0.046,44.38224376,-64.30669566,23.549243
"198",566,566,0,0,85,336,-1.326499581,2.497881889,16,3,2,0.111280799,12.59599972,1.756000042,0.037,44.37638255,-64.20947241,23.549243
"199",567,567,0,0,60,219,-4.56124258,0.515444279,13,0,3,0.137306929,11.82900047,1.222000003,0.067000002,44.37641043,-64.20683697,23.549243
"200",570,570,0,0,74,289,-0.844494522,0.97146368,17,6,3,0.151546374,12.29399967,1.383000016,0.126000002,44.37454805,-64.20416279,23.549243
"201",571,571,0,0,118,460,0.027802741,1.402339935,18,5,3,0.029616555,12.16100025,1.468000054,0.046,44.37389017,-64.2067852,23.549243
"202",572,572,0,0,466,597,-1.273598671,1.74833405,15,0,1,0.006803234,12.93900013,2.030999899,0.059999999,44.37344922,-64.21863759,23.549243
"203",576,576,0,0,66,287,-3.475723028,6.469112396,14,2,3,0.09223327,11.75800037,1.187999964,0.068000004,44.3713931,-64.20453743,23.549243
"204",577,577,0,0,129,492,-0.270251542,2.380839586,18,5,3,0.055982266,12.03800011,1.361999989,0.078000002,44.36857632,-64.20272259,23.549243
"205",582,582,0,0,82,409,-2.443490267,1.266751051,19,8,0,0.054715022,10.86600018,1.373999953,0.150999993,44.36437224,-64.18287055,23.549243
"206",583,583,0,0,48,174,-3.488398075,1.013925672,15,0,2,0.153378353,11.86200047,1.582000017,0.092,44.36352654,-64.20349773,23.549243
"207",584,584,0,0,60,222,-3.828578711,3.415319681,15,-1,2,0.117905311,12.08600044,1.601999998,0.086000003,44.36163171,-64.20389816,23.549243
"208",585,585,0,0,82,405,-3.057356119,1.892468214,15,-1,3,0.012999415,12.57800007,1.667999983,0.086999997,44.35942185,-64.20429211,23.549243
"209",586,586,0,0,179,656,-0.561364472,0.360933691,18,1,2,0.05194227,12.81700039,1.89199996,0.119000003,44.35690621,-64.20380139,23.549243
"210",587,587,0,0,69,391,-0.299552053,0.831317067,19,2,3,0.189265385,12.60000038,1.916000009,0.162,44.35598423,-64.2015866,23.549243
"211",588,588,0,0,71,385,-0.743061841,0.661363006,18,2,3,0.179415077,12.37899971,1.876000047,0.134000003,44.35377437,-64.2019806,23.549243
"212",589,589,0,0,118,358,-0.696489215,2.767301798,10,10,0,0.04267893,10.41699982,1.07099998,0.063000001,44.33147388,-64.28230075,23.549243
"213",593,593,0,0,106,393,-1.702098966,2.822525978,20,7,0,0.042190708,10.78600025,1.18599999,0.046999998,44.29246948,-64.2476711,23.549243
"214",594,594,0,0,80,329,-1.832033873,2.79480958,23,5,0,0.092560604,10.65600014,1.386999965,0.059999999,44.27136231,-64.2472244,23.549243
"215",596,596,0,0,506,430,-2.45227623,2.547243834,11,3,3,0.005904207,11.63000011,1.493000031,0.082999997,44.2547547,-64.34990364,23.549243
"216",597,597,0,0,234,253,-5.093735218,0.355546445,8,0,1,0.004806346,12.53499985,1.031999946,0.098999999,44.25220342,-64.35247572,23.549243
"217",598,598,0,0,102,385,-1.283835053,3.455479383,16,6,0,0.059167866,10.65699959,1.643000007,0.144999996,44.24962561,-64.33049719,23.549243
"218",601,601,0,0,661,553,-1.499797344,0.149799928,12,0,1,0.003306717,15.04599953,1.720000029,0.100000001,44.23800704,-64.38020178,23.549243
"219",602,602,0,0,45,127,-3.178816795,4.16351366,22,9,0,0.159812912,9.585000038,1.393000007,0.119000003,44.23826969,-64.27632976,23.549243
"220",603,603,0,0,570,302,-1.449917436,1.812583208,10,1,1,0.109865747,12.54199982,1.625,0.029999999,44.23359651,-64.40595657,23.549243
"221",604,604,0,0,247,211,-4.358677864,0.680938542,9,0,1,0.106526382,12.46199989,1.67900002,0.039999999,44.23116783,-64.39844846,23.549243
"222",605,605,0,0,394,314,-5.133450031,0.116353393,13,0,1,0.068248861,10.68700027,1.786999941,0.147,44.2285768,-64.35193448,23.549243
"223",613,613,0,0,657,544,-1.638461947,0.123999074,19,0,1,0.002998233,14.7489996,2.736000061,0.083999999,44.20979755,-64.3677142,23.549243
"224",614,614,0,0,62,193,-4.634174347,5.145845413,15,3,1,0.078680918,10.33600044,1.508999944,0.050000001,44.20823581,-64.39264869,23.549243
"225",615,615,0,0,121,464,-0.274013519,3.159590244,20,6,3,0.030623248,10.88899994,1.741999984,0.050000001,44.20287516,-64.39296042,23.549243
"226",616,616,0,0,64,349,-2.849796772,0.952680945,19,4,3,0.11214716,10.82499981,1.57099998,0.061999999,44.19018879,-64.39966869,23.549243
"227",617,617,0,0,58,196,-1.894237995,1.490681648,21,5,3,0.153700694,10.40799999,1.649999976,0.074000001,44.18450773,-64.40041004,23.549243
"228",624,624,0,0,573,527,-0.059774637,1.13812387,6,1,0,0.014265144,19.35499954,2.996000051,0.077,44.15553662,-64.59143292,23.549243
"229",632,632,0,0,465,493,-1.079778433,0.219695225,15,0,1,0.002262967,17.35899925,3.611000061,0.056000002,44.15290867,-64.53008842,23.549243
"230",641,641,0,0,361,496,-1.404920101,0.211678237,4,0,1,0.002671517,17.92399979,2.150000095,0.109999999,44.14783004,-64.60172898,23.549243
"231",644,644,0,0,380,444,-0.491729051,0.872286916,5,0,1,0.001345879,18.51300049,2.128999949,0.044,44.14623053,-64.6034362,23.549243
"232",645,645,0,0,547,616,-0.392125219,1.711633086,17,0,1,0.002909728,16.80699921,3.803999901,0.077,44.14697631,-64.52599649,23.549243
"233",647,647,0,0,442,513,-0.972740591,0.328809321,6,0,1,0.002819688,17.20499992,1.771999955,0.082999997,44.14536525,-64.59772378,23.549243
"234",651,651,0,0,313,414,-1.671494842,0.76343292,16,0,2,0.000748237,16.32799911,3.607000113,0.188999996,44.14288711,-64.52545353,23.549243
"235",656,656,0,0,530,469,-0.658269882,0.553287029,9,0,0,0.00208965,17.75300026,3.686000109,0.182999998,44.12994285,-64.59643286,23.549243
"236",658,658,0,0,179,94,-5.907782555,1.050748944,13,10,3,0.17691718,10.24499989,0.643000007,0.075999998,43.92473861,-64.79192557,23.549243
"237",659,659,0,0,268,179,-4.415467262,0.654941142,15,8,3,0.140336856,10.66899967,0.825999975,0.101000004,43.919151,-64.78652641,23.549243
"238",660,660,0,0,199,164,-9.536013603,10.31667709,8,4,3,0.103293113,9.836000443,0.535000026,0.059999999,43.91854146,-64.80525383,23.549243
"239",661,661,0,0,74,289,-2.600239992,2.540680885,11,7,3,0.066563025,10.39299965,0.693000019,0.039999999,43.91631922,-64.82611121,23.549243
"240",663,663,0,0,576,277,-1.156167388,1.623359203,17,10,3,0.123028919,10.4829998,0.744000018,0.054000001,43.91450187,-64.80164434,23.549243
"241",665,665,0,0,112,426,-0.063478023,1.433845878,20,6,0,0.072834857,12.47399998,1.746999979,0.096000001,43.90542802,-64.77739882,23.549243
"242",667,667,0,0,126,51,-8.927987099,5.055151939,12,8,3,0.32907784,10.04899979,1.136999965,0.045000002,43.90419665,-64.75513428,23.549243
"243",668,668,0,0,70,289,-4.292754173,2.392792463,13,5,1,0.004792792,11.01900005,0.824999988,0.027000001,43.89710965,-64.80547757,23.549243
"244",669,669,0,0,176,97,-5.332681179,1.9234761,14,1,1,0.160419717,10.88700008,1.174000025,0.135000005,43.89653404,-64.7819278,23.549243
"245",674,674,0,0,559,584,-0.14391242,0.816351712,4,0,1,0.003434399,22.67099953,3.038000107,0.105999999,43.87275481,-64.90798162,23.549243
"246",681,681,0,0,786,761,0.539223433,0.135947615,8,1,1,0.003977562,21.05800056,3.282999992,0.246000007,43.8679329,-64.89476049,23.549243
"247",684,684,0,0,695,584,-1.68908453,0.063258246,8,0,1,0.030131271,19.80500031,3.868000031,0.147,43.86146283,-64.88584494,23.549243
"248",685,685,0,0,44,74,-2.814438581,1.474773407,15,7,3,0.471701205,11.94799995,1.430999994,0.130999997,43.86242137,-64.7870086,23.549243
"249",686,686,0,0,44,100,-2.839329004,3.330583096,15,2,3,0.289107412,12.61699963,1.86500001,0.077,43.86159325,-64.79961423,23.549243
"250",688,688,0,0,32,55,-5.440760136,2.04258275,12,5,3,0.459088176,11.31599998,1.180999994,0.078000002,43.85820384,-64.7947217,23.549243
"251",692,692,0,0,660,618,-2.107320547,0.203563869,11,0,1,0.055864312,17.11700058,4.284999847,0.155000001,43.84988823,-64.88069019,23.549243
"252",695,695,0,0,50,88,-1.731492996,1.885481596,16,6,3,0.365728915,11.51000023,1.088000059,0.064999998,43.84887059,-64.8070694,23.549243
"253",696,696,0,0,69,176,0.324955285,1.73956275,18,8,0,0.26071471,11.56900024,1.103000045,0.079999998,43.8469532,-64.80875319,23.549243
"254",700,700,0,0,659,578,-0.726617873,0.087721325,7,0,1,0.002867941,19.48800087,4.375,0.182999998,43.84166942,-64.9387733,23.549243
"255",701,701,0,0,312,104,-2.116874218,1.826483369,16,3,1,0.304636627,13.15200043,1.588000059,0.071000002,43.84291746,-64.82474078,23.549243
"256",703,703,0,0,36,60,-4.195631981,2.996720314,14,6,3,0.44698441,11.3210001,1.269000053,0.135000005,43.84093422,-64.81074818,23.549243
"257",704,704,0,0,549,476,-0.081867799,0.957818687,7,1,1,0.002202428,20.04700089,4.195000172,0.268000007,43.83773459,-64.94778829,23.549243
"258",707,707,0,0,308,236,-4.731768131,0.051788393,13,0,1,0.135243148,13.62899971,2.838000059,0.127000004,43.83685972,-64.86809103,23.549243
"259",710,710,0,0,130,55,-11.64400291,4.058030128,7,5,3,0.486189336,10.42199993,0.889999986,0.090999998,43.83202516,-64.81613779,23.549243
"260",711,711,0,0,157,95,-6.424393654,0.272306293,11,-1,1,0.194325045,13.06499958,2.46600008,0.128000006,43.83083981,-64.87007971,23.549243
"261",717,717,0,0,117,69,-7.091434956,1.063377976,11,1,3,0.246368334,12.8380003,1.465999961,0.078000002,43.82068967,-64.87411507,23.549243
"262",720,720,0,0,112,61,-9.150611877,4.111134529,9,0,3,0.245571077,12.22900009,1.383000016,0.071999997,43.81844923,-64.87622104,23.549243
"263",722,722,0,0,55,123,-3.693234444,0.257196724,16,2,3,0.301709443,14.25500011,1.603999972,0.093000002,43.81759386,-64.85138734,23.549243
"264",724,724,0,0,300,266,-4.288445473,1.019981623,12,-1,1,0.053638346,14.70400047,4.823999882,0.333000004,43.81098071,-64.92733607,23.549243
"265",725,725,0,0,34,70,-5.631814957,3.09808445,13,3,3,0.23134166,13.57400036,1.215000033,0.037,43.80978769,-64.88552313,23.549243
"266",729,729,0,0,40,73,-3.280524492,2.412039518,16,6,3,0.33474192,13.93000031,1.261000037,0.052000001,43.80446202,-64.8836151,23.549243
"267",730,730,0,0,283,241,-4.477679253,0.371795326,12,0,1,0.118921742,14.12300014,4.074999809,0.194000006,43.80348042,-64.92361399,23.549243
"268",731,731,0,0,632,575,-0.408205748,0.400574982,17,4,3,0.090469494,15.07499981,3.506000042,0.246999994,43.80061652,-64.9252624,23.549243
"269",732,732,0,0,203,131,-5.373076916,0.133112416,12,0,1,0.168868348,13.61200047,2.84100008,0.194999993,43.80072626,-64.91873964,23.549243
"270",733,733,0,0,292,108,-3.229472876,5.758039951,15,2,3,0.232729733,13.83600044,2.621999979,0.137999997,43.7955992,-64.92379611,23.549243
"271",734,734,0,0,53,81,-1.547114253,1.403465748,19,7,0,0.451526254,14.90999985,1.69599998,0.159999996,43.79623711,-64.88553189,23.549243
"272",735,735,0,0,29,80,-7.161872864,0.513830721,11,0,1,0.228714719,12.71100044,1.945000052,0.128000006,43.79444172,-64.9176684,23.549243
"273",736,736,0,0,29,59,-6.908941746,2.346959352,12,0,3,0.267576158,12.97999954,1.684000015,0.103,43.79291068,-64.91500925,23.549243
"274",737,737,0,0,46,88,-2.240958452,2.161133051,18,3,0,0.362199217,14.28999996,1.35800004,0.044,43.7918615,-64.90236011,23.549243
"275",738,738,0,0,48,105,-2.296841383,2.442680359,17,4,3,0.277120203,14.83199978,1.896999955,0.097000003,43.79137959,-64.91235024,23.549243
"276",739,739,0,0,296,387,-2.03857255,0.392941266,4,0,1,0.002427735,19.27499962,1.386000037,0.039999999,43.73725192,-65.37827992,23.549243
"277",740,740,0,0,67,253,-0.534674823,2.611697674,21,5,0,0.158264622,14.7840004,1.264999986,0.094999999,43.74124249,-64.969866,23.549243
"278",743,743,0,0,79,457,-1.30659318,0.830357254,5,5,3,0.021578195,16.61499977,1.184000015,0.086999997,43.68828191,-65.33856198,23.549243
"279",744,744,0,0,83,251,-1.807987571,2.727899313,14,8,0,0.109334685,13.55900002,1.167000055,0.052000001,43.6873287,-65.17958584,23.549243
"280",745,745,0,0,309,348,-3.738339186,0.888041019,6,1,1,0.035645071,15.57699966,1.363999963,0.119999997,43.6798293,-65.30479971,23.549243
"281",746,746,0,0,486,260,-2.969244003,2.024412155,9,4,1,0.061756421,15.47799969,1.598999977,0.147,43.67398628,-65.29762935,23.549243
"282",747,747,0,0,306,296,-4.49455595,0.355264664,6,0,1,0.027174797,15.92700005,1.184999943,0.055,43.65894882,-65.32440096,23.549243
"283",748,748,0,0,122,378,0.528361559,1.423202872,17,10,3,0.069984175,14.35400009,2.47300005,0.123999998,43.64999203,-65.28412829,23.549243
"284",753,753,0,0,298,339,-3.497906208,0.477702141,13,0,1,0.117326736,15.36499977,1.256000042,0.082000002,43.62776659,-65.3236322,23.549243
"285",755,755,0,0,145,95,-7.405918598,0.062447824,11,0,1,0.201132104,13.87100029,1.047999978,0.085000001,43.61888108,-65.31114438,23.549243
"286",756,756,0,0,131,82,-6.667127132,0.489161789,12,0,1,0.207099587,14.32400036,0.975000024,0.086999997,43.612321,-65.30829071,23.549243
"287",757,757,0,0,59,320,-1.320214272,0.574070394,17,1,3,0.178035021,15.38000011,1.228999972,0.101000004,43.6096089,-65.3177283,23.549243
"288",758,758,0,0,417,399,-0.696636796,1.152501464,2,1,1,0.002470654,19,1.184999943,0.034000002,43.58565382,-65.45380244,23.549243
"289",759,759,0,0,527,524,-1.573426962,0.163809389,3,1,1,0.014489745,19.03300095,1.383000016,0.056000002,43.58179173,-65.42806919,23.549243
"290",761,761,0,0,574,359,-1.675957441,3.566935778,6,4,3,0.027279612,17.09300041,1.149999976,0.090999998,43.56252711,-65.41516087,23.549243
"291",762,762,0,0,374,430,-3.364173412,0.147807419,2,1,1,0.024334939,17.20800018,0.874000013,0.082000002,43.56180797,-65.43419966,23.549243
"292",763,763,0,0,105,436,-0.315758944,2.74034667,4,2,1,0.022607528,17.8010006,0.958999991,0.07,43.5610582,-65.43980297,23.549243
"293",765,765,0,0,214,222,-5.698142529,0.360783786,1,0,1,0.025452554,16.33499908,1.06400001,0.089000002,43.55129592,-65.42467746,23.549243
"294",767,767,0,0,626,420,-2.025344133,1.896555781,16,1,3,0.040504239,16.04999924,1.299999952,0.119999997,43.54608893,-65.37247974,23.549243
"295",769,769,0,0,173,150,-8.441562653,0.246536493,10,-2,1,0.119519986,15.04399967,1.213000059,0.172000006,43.53357456,-65.38325075,23.549243
"296",770,770,0,0,71,381,-2.949615002,0.454625905,14,3,1,0.112202279,14.99300003,1.355000019,0.148000002,43.53122581,-65.39008835,23.549243
"297",772,772,0,0,148,115,-6.822545528,1.290554523,10,-1,1,0.110723414,14.50500011,0.94599998,0.097999997,43.52705093,-65.39382135,23.549243
"298",773,773,0,0,188,164,-5.705138206,0.457006514,12,0,1,0.118527912,14.62699986,0.94599998,0.100000001,43.52519793,-65.39201567,23.549243
"299",778,778,0,0,224,162,-6.165269375,0.115107179,14,0,1,0.138852268,14.29599953,0.787999988,0.094999999,43.51612088,-65.38905873,23.549243
"300",780,780,0,0,55,366,-3.313406944,0.622082293,16,1,1,0.120561011,14.74600029,1.15199995,0.089000002,43.51370829,-65.3989227,23.549243
"301",782,782,0,0,87,329,-0.42219165,2.239858866,11,6,3,0.105540566,16.58399963,1.011000037,0.063000001,43.50803192,-65.44372638,23.549243
"302",783,783,0,0,147,93,-8.624960899,0.232752964,14,1,3,0.199980274,13.86600018,0.702000022,0.068000004,43.50779977,-65.380071,23.549243
"303",784,784,0,0,707,511,-0.823086202,0.647048473,11,5,3,0.072655767,16.94300079,0.757000029,0.063000001,43.50467939,-65.4531158,23.549243
"304",786,786,0,0,181,180,-9.954852104,0.125585213,4,0,1,0.134881109,14.92099953,0.957000017,0.059999999,43.50188243,-65.43655141,23.549243
"305",787,787,0,0,51,246,-3.059297085,0.543597877,19,1,3,0.175268129,14.67700005,1.093999982,0.050000001,43.50207612,-65.39759595,23.549243
"306",788,788,0,0,38,126,-3.905534983,1.374499083,10,2,3,0.172782868,15.92199993,0.833999991,0.068000004,43.49877125,-65.44941325,23.549243
"307",795,795,0,0,115,66,-9.321173668,1.084562659,8,-1,3,0.27128163,15.50199986,1.049999952,0.333000004,43.46801609,-65.4581219,23.549243
"308",797,797,0,0,52,107,-1.201575279,2.510778427,16,7,3,0.2911838,15.99100018,0.296999991,0.49000001,43.46383914,-65.46184641,23.549243
"309",728,728,1,1,331,406,-3.914189577,0.184154257,13,0,1,0.117382161,14.42099953,3.249000072,0.185000002,43.80545061,-64.91889091,23.696062
"310",677,677,1,100,497,562,-0.54580301,1.467987299,6,0,1,0.003898319,21.4489994,3.167000055,0.203999996,43.86947879,-64.89655183,316.292443
"311",239,239,1,0.166666672,66,259,-2.049405813,1.023350358,20,2,0,0.219645232,13.70199966,1.029999971,0.046999998,44.93910033,-62.0550984,23.5698118617943
"312",522,522,1,0.425000012,61,293,-2.279447317,2.959265947,21,7,0,0.128841043,12.04100037,1.06099999,0.104000002,44.4383423,-64.09596251,23.6047773160863
"313",742,742,1,0.600000024,392,207,-1.791034341,2.775625944,15,3,0,0.192719802,14.96500015,1.662999988,0.169,43.69382619,-65.08470769,23.6305935236585
"314",396,396,1,0.625,545,553,0.205342308,1.627492785,20,1,2,0.123484008,13.54100037,1.837000012,0.112000003,44.70878497,-62.83296334,23.634421984375
"315",474,474,1,0.625,636,583,-1.5,0,7,0,1,0.003992811,13.67300034,0.713,0.034000002,44.6645992,-63.43442415,23.634421984375
"316",477,477,1,0.833333313,460,488,-2.091763258,0.805215538,7,0,1,0.003222619,15.44999981,1.006000042,0.050999999,44.66144507,-63.43528356,23.6676911910784
"317",379,379,1,1,754,716,1,0.009832351,10,0,1,0.002033781,19.69099998,3.654000044,0.151999995,44.71387409,-63.13033563,23.696062
"318",384,384,1,1,753,742,1,0,10,0,1,0.001805557,19.69099998,3.654000044,0.151999995,44.71135343,-63.13032997,23.696062
"319",417,417,1,1,723,637,-0.36371699,0.404771984,9,0,2,0.047366261,16.6989994,6.357999802,0.243000001,44.70278588,-63.17537416,23.696062
"320",445,445,1,1,616,528,1,1.481949449,11,3,2,0.128122255,13.55000019,5.21600008,0.247999996,44.69427592,-63.17711541,23.696062
"321",459,459,1,1,580,381,-0.18392311,1.046522737,10,3,2,0.166704163,12.61499977,3.072000027,0.244000003,44.68577876,-63.17046448,23.696062
"322",553,553,1,1,114,616,-1.150340319,1.972994804,15,2,1,0.00474915,12.70600033,1.162999988,0.138999999,44.39537408,-64.23095845,23.696062
"323",749,749,1,1,656,568,-2.319921017,0.664842665,12,0,1,0.063437141,16.88699913,1.345000029,0.086000003,43.64814794,-65.31313479,23.696062
"324",488,488,1,1.174999952,551,443,-1.330493689,2.426383495,34,17,0,0.042147059,9.413999557,1.162999988,0.035999998,44.57899028,-63.94165593,23.7275307055077
"325",489,489,1,1.174999952,453,443,-3.087869167,1.082484484,21,28,0,0.019284869,9.687000275,0.490999997,0.035999998,44.54762788,-64.19538874,23.7275307055077
"326",526,526,1,1.25,126,519,-0.704133809,2.564535379,15,13,2,0.009434565,10.69400024,0.66900003,0.039999999,44.41144394,-64.25986932,23.7415439375
"327",652,652,1,1.25,375,527,-0.404872626,0.391319633,18,0,1,0.000839357,16.92900085,3.582999945,0.079000004,44.13974292,-64.52493498,23.7415439375
"328",642,642,1,1.590909123,386,502,0.757880092,0.391999811,5,1,1,0.000559096,18.64999962,2.798000097,0.089000002,44.14744747,-64.60653256,23.809222789736
"329",378,378,1,1.666666627,741,734,0.842205584,0.392152369,19,1,1,0.034536827,14.63199997,2.937999964,0.052999999,44.71411271,-62.81438888,23.8251491026877
"330",393,393,1,1.785714269,642,661,0.030347157,0.71872431,19,1,1,0.106758833,13.98499966,2.318000078,0.129999995,44.70939707,-62.82103167,23.8508275626654
"331",723,723,1,1.850000024,62,147,-2.128828526,4.781327724,17,4,0,0.34484762,14.81999969,1.713999987,0.093999997,43.81579554,-64.84567421,23.8650249628437
"332",355,355,1,2.5,675,610,0.415889382,6.229783058,13,4,1,0.002987362,13.92599964,4.481999874,0.540000021,44.72497615,-63.00705176,24.02161675
"333",407,407,1,2.5,563,367,-2.379674196,0.17395395,18,0,1,0.176279634,12.45600033,1.513000011,0.129999995,44.70562959,-62.82987968,24.02161675
"334",442,442,1,2.5,692,738,0.288056135,0.318780541,23,1,1,0.003548005,13.25500011,1.407999992,0.192000002,44.69493513,-62.84272141,24.02161675
"335",469,469,1,2.5,692,629,-1.5,0,6,0,1,0.002948102,15.95699978,2.187999964,0.07,44.66737332,-63.45033991,24.02161675
"336",470,470,1,2.5,706,645,-1.5,0,6,0,1,0.0036224,14.26000023,0.772000015,0.048,44.66740267,-63.44283414,24.02161675
"337",618,618,1,2.5,606,650,1,0,6,1,1,0.001513476,20.16200066,3.34100008,0.050999999,44.1595888,-64.5946059,24.02161675
"338",620,620,1,2.5,705,705,0.576290548,0.728235364,5,1,1,0.017316857,19.84499931,3.04399991,0.050999999,44.15861326,-64.59676819,24.02161675
"339",628,628,1,2.5,565,506,-0.47015059,0.958536088,5,0,1,0.002396611,19.32099915,2.621999979,0.086999997,44.15423394,-64.59446166,24.02161675
"340",648,648,1,2.5,633,611,-0.687741458,1.086312652,17,0,1,0.002884522,16.06699944,3.750999928,0.090000004,44.1463112,-64.52860508,24.02161675
"341",671,671,1,2.5,731,729,0.529655576,0.095745556,4,0,1,0.003179071,22.69300079,3.315999985,0.083999999,43.87462272,-64.9093481,24.02161675
"342",492,492,1,2.724999905,587,590,1,5.55630064,23,19,0,0.054529987,10.64099979,0.600000024,0.055,44.51500874,-64.21101549,24.0813512035534
"343",694,694,1,4,658,549,-3.226780176,0.172963455,11,0,1,0.09715195,15.25699997,3.522000074,0.133000001,43.84780505,-64.87322242,24.473563
"344",498,498,1,4.867965221,85,395,-3.100207567,3.649058104,34,8,0,0.039110556,11.05000019,1.031999946,0.097999997,44.47754938,-63.77102667,24.7928062840492
"345",764,764,1,5,715,640,-1.804280877,0.27528882,13,0,1,0.03390079,16.98200035,1.521000028,0.052000001,43.55317804,-65.38012394,24.845078
"346",718,718,1,6,781,728,0.205932394,0.632966459,14,1,1,0.027743062,17.23699951,5.302999973,0.298000008,43.81845143,-64.93279902,25.272767
"347",412,412,1,6.666666508,503,287,-2.897522926,0.494641572,18,0,1,0.164976746,12.7329998,1.529000044,0.179000005,44.70437252,-62.83209241,25.5891006995194
"348",754,754,1,7,154,562,-3.507691622,0.232827172,13,0,1,0.063833199,15.45699978,1.01699996,0.054000001,43.62000623,-65.33330994,25.75663
"349",297,297,1,8.399999619,666,628,-0.79666239,0.367570728,17,2,1,0.0026686,12.90400028,1.325999975,0.039000001,44.80824166,-62.55649269,26.5284102949838
"350",471,471,1,8.75,687,643,-1.5,0,6,0,1,0.003696459,13.50699997,0.634000003,0.046999998,44.66615261,-63.4401755,26.7385589375
"351",568,568,1,8.75,107,547,0.211020127,0.673245907,17,3,1,0.002230609,13.79899979,2.539000034,0.152999997,44.37509449,-64.21208184,26.7385589375
"352",175,175,1,10,769,758,0.827319145,0.083743915,8,1,1,0.019332921,21.04899979,4.017000198,0.165000007,45.07631213,-61.93011156,27.545263
"353",178,178,1,10,745,720,0.938364327,0.120228723,9,1,1,0.002233138,20.73200035,5.149000168,0.152999997,45.07469953,-61.92613976,27.545263
"354",179,179,1,10,672,681,0.414308101,0.61528939,8,0,1,0.002656275,20.96899986,4.993000031,0.143000007,45.07377539,-61.92838031,27.545263
"355",189,189,1,10,674,609,0.178622082,0.988062561,8,0,1,0.002076491,20.44000053,6.136000156,0.148000002,45.07155363,-61.92664331,27.545263
"356",190,190,1,10,585,477,-1.284316421,1.658403039,7,0,1,0.024973368,20.02300072,6.493999958,0.171000004,45.07152015,-61.9230869,27.545263
"357",354,354,1,10,769,737,0.266157269,0.159084916,7,0,1,0.003098107,19.26600075,6.625,0.328999996,44.72555521,-63.10826329,27.545263
"358",360,360,1,10,717,736,0.555324793,0.071310014,8,1,1,0.00195767,18.88400078,5.03000021,0.224999994,44.72113891,-63.1135583,27.545263
"359",423,423,1,10,774,717,0.246209279,0.583810747,10,1,1,0.025393711,16.01600075,5.875,0.264999986,44.70089129,-63.17801914,27.545263
"360",357,357,1,10.83333302,614,609,0.616007388,3.282284737,14,5,1,0.002551424,14.06900024,4.517000198,0.433999985,44.72340083,-63.00528375,28.1318276332289
"361",643,643,1,11.25,413,509,1,0.220479697,5,1,1,0.000646653,19.27000046,2.854000092,0.028999999,44.14709553,-64.60914877,28.4397389375
"362",687,687,1,12,640,575,-1.083074212,0.738410592,11,0,1,0.045420833,19.65299988,3.253000021,0.107000001,43.85984492,-64.8692443,29.018555
"363",690,690,1,12,714,578,-2.267517567,0.114019476,11,0,1,0.096686825,17.12400055,3.812999964,0.136999995,43.85280875,-64.87555642,29.018555
"364",398,398,1,12.1875,761,703,0.456094772,0.458105206,20,1,1,0.136041984,13.22299957,1.644999981,0.165000007,44.70816119,-62.83738353,29.1681961835937
"365",705,705,1,13,384,279,-3.976621151,0.149448842,13,0,1,0.158617318,14.0010004,3.391000032,0.126000002,43.83898609,-64.8729464,29.839462
"366",345,345,1,13.33333302,660,594,0.733952105,0.561412156,12,4,1,0.003144153,14.42099953,4.400000095,0.400999993,44.72938659,-63.01456631,30.1255805058926
"367",691,691,1,14,700,582,-2.683472157,0.16537863,11,0,1,0.096947618,16.12999916,3.670000076,0.131999999,43.8509404,-64.87419149,30.716543
"368",160,160,1,14.39999962,108,602,-1.029286623,1.263459325,17,0,1,0.011647955,15.20800018,0.569000006,0.077,45.10322135,-61.72763534,31.0831037674977
"369",416,416,1,15,489,501,-2.470448256,0.743528843,18,0,2,0.122677192,12.57900047,1.532999992,0.219999999,44.70311542,-62.83430505,31.649798
"370",466,466,1,15,723,668,-1.5,0,5,0,1,0.003644225,15.56200027,1.15199995,0.037999999,44.67022633,-63.44594649,31.649798
"371",627,627,1,15,676,657,-0.504240572,0.118818395,5,0,1,0.002635875,19.17900085,2.520999908,0.085000001,44.15419114,-64.59752427,31.649798
"372",634,634,1,15,590,564,-0.660115778,0.190671504,3,0,1,0.002025145,19.28800011,2.737999916,0.064999998,44.15057274,-64.60836796,31.649798
"373",636,636,1,15,487,589,-0.135620654,0.218804121,17,1,1,0.001179206,17.52700043,3.596999884,0.074000001,44.15104794,-64.52785205,31.649798
"374",673,673,1,15,800,747,0.312313467,0.127590939,5,0,1,0.003339108,22.44499969,3.006999969,0.112000003,43.87378682,-64.90278714,31.649798
"375",679,679,1,15,819,761,0.353175282,0.092957191,6,0,1,0.027565803,21.6590004,3.332000017,0.193000004,43.86876203,-64.90175606,31.649798
"376",680,680,1,15,791,741,0.132681325,0.04837545,7,0,1,0.004090678,21.35899925,3.421000004,0.230000004,43.86849776,-64.8986986,31.649798
"377",706,706,1,15,562,553,-3.47273922,0.107331999,13,0,1,0.082839713,14.42500019,3.648999929,0.119999997,43.83799123,-64.87596277,31.649798
"378",666,666,1,16,114,597,-1.023256898,0.726343513,19,4,1,0.045642924,12.82900047,1.672999978,0.114,43.90420199,-64.77518313,32.639227
"379",779,779,1,17,388,317,-4.708884716,0.179343864,5,0,1,0.090560459,16.92700005,0.973999977,0.052999999,43.51357902,-65.44957942,33.68483
"380",405,405,1,17.5,735,522,0.94963181,0.600190103,21,3,1,0.073536649,13.01500034,1.565000057,0.119999997,44.70689641,-62.83429426,34.22869675
"381",349,349,1,18.33333397,513,513,-1.079774618,0.068060443,10,2,1,0.002149734,15.33100033,4.540999889,0.333000004,44.7271809,-63.01544972,35.1663498423792
"382",245,245,1,18.70000076,674,586,-2.927253962,0.245977357,11,0,1,0.032699682,14.12699986,1.470000029,0.045000002,44.92309708,-62.28020676,35.5912753185812
"383",214,214,1,20,800,706,-0.122761734,0.2290259,16,2,2,0.082269542,15.73900032,2.480000019,0.072999999,45.05008257,-61.88882115,37.158683
"384",444,444,1,20,710,710,0.580983222,0.088435844,14,1,2,0.175623193,13.42199993,4.058000088,0.252000004,44.69469176,-63.09141977,37.158683
"385",456,456,1,20,665,703,0.70507884,0.061970357,11,1,1,0.001413207,18.81299973,3.816999912,0.032000002,44.68864128,-63.15148018,37.158683
"386",662,662,1,20,611,578,-1.132448912,1.17988503,19,9,1,0.006957731,10.78899956,1.169999957,0.048,43.91578151,-64.78032262,37.158683
"387",776,776,1,21,91,527,-3.217567205,0.953883767,19,3,1,0.008454496,15.27900028,1.118999958,0.30399999,43.51792914,-65.36271472,38.428982
"388",409,409,1,21.29999924,92,396,-0.771656156,2.080000162,19,2,2,0.122766942,12.48600006,1.506999969,0.160999998,44.70497962,-62.81706895,38.821024630419
"389",768,768,1,22,95,536,-2.349045277,0.962228358,17,2,1,0.069480687,15.96100044,1.639000058,0.079999998,43.54166143,-65.3580101,39.755455
"390",390,390,1,22.08333397,546,479,0.626636147,0.858478487,20,2,1,0.167198986,13.78199959,2.380000114,0.129999995,44.71002022,-62.81661122,39.8685309139947
"391",383,383,1,22.5,751,653,-0.191115752,0.754052281,18,1,1,0.054663777,14.09000015,2.697000027,0.046,44.71222222,-62.81439492,40.43975675
"392",595,595,1,23,543,557,-1.461271882,0.832273006,11,3,1,0.032563861,12.94299984,2.198999882,0.172000006,44.26815569,-64.33573899,41.138102
"393",443,443,1,25,696,711,0.384132534,0.374894083,13,0,1,0.002161477,16.89500046,4.610000134,0.081,44.69467238,-63.11306483,44.071918
"394",551,551,1,25,491,520,-1.611794949,0.171754271,10,3,1,0.001813977,15.61499977,1.192999959,0.090999998,44.39468456,-64.29334891,44.071918
"395",205,205,1,26.20000076,86,457,-2.331337452,0.935694575,15,5,2,0.076638885,13.18700027,0.962000012,0.143000007,45.06169941,-61.82191307,45.940062888773
"396",664,664,1,27,554,364,-2.963634491,2.542346478,13,4,1,0.037492592,11.11699963,0.760999978,0.07,43.91026949,-64.81023432,47.23043
"397",404,404,1,27.08333397,734,741,1,0.461887956,21,2,1,0.030803645,12.86600018,1.488999963,0.115999997,44.7069113,-62.84489813,47.3669119261486
"398",777,777,1,28,474,479,-3.902354479,0.210919812,5,0,1,0.07018166,17.33399963,1.281999946,0.055,43.51571809,-65.45269715,48.893947
"399",296,296,1,28.39999962,768,642,-0.489498794,0.340244442,18,4,1,0.082161285,12.66899967,1.019000053,0.057,44.80853945,-62.55206436,49.575081868652
"400",336,336,1,30,681,709,0.471652746,0.201823547,6,0,1,0.002195019,20.4279995,5.198999882,0.458999991,44.73468831,-63.11270073,52.389503
"401",429,429,1,30,723,714,1,0,12,0,1,0.001683414,11.91300011,1.578999996,0.071000002,44.69906214,-63.13295302,52.389503
"402",434,434,1,30,688,620,0.307803959,0.210127547,14,2,1,0.231186911,15.07699966,4.593999863,0.214000002,44.69722463,-63.07463704,52.389503
"403",454,454,1,30,730,667,0.50703156,0.690895975,11,2,2,0.122364834,14.09899998,4.249000072,0.194999993,44.68987877,-63.16782631,52.389503
"404",195,195,1,31,505,591,0.876611173,1.2190938,9,1,1,0.001571637,20.24600029,5.836999893,0.129999995,45.06965941,-61.92623415,54.221542
"405",726,726,1,31,176,644,-1.548285007,0.263996422,14,1,1,0.052039545,15.76000023,5.123000145,0.312000006,43.80876135,-64.92813496,54.221542
"406",422,422,1,32,525,496,-3.002532244,1.107718825,18,0,2,0.078400552,12.47599983,1.575999975,0.208000004,44.70122428,-62.83386866,56.109755
"407",637,637,1,32.5,596,547,-0.819845498,0.139350653,4,0,1,0.002272789,18.32099915,2.500999928,0.083999999,44.14904702,-64.60482539,57.07492675
"408",233,233,1,34.40000153,90,304,-2.306855917,3.205624819,10,3,1,0.001742689,13.50699997,0.967000008,0.035,44.95135378,-62.17247805,60.87065925821
"409",439,439,1,35,764,763,0.583562493,0.191158697,10,1,1,0.00947344,17.02700043,4.382999897,0.136999995,44.69524597,-63.16033221,62.111438
"410",232,232,1,37,746,612,-0.71659565,0.692304075,11,1,2,0.0585467,14.62699986,2.561000109,0.090000004,44.953698,-62.23767103,66.39343
"411",350,350,1,37.5,230,333,-4.677310944,7.957438469,7,0,1,0.002940369,14.20499992,4.578999996,0.518000007,44.72686641,-63.01014586,67.49903675
"412",476,476,1,37.5,464,418,-1.963479519,0.850646138,6,0,1,0.002846113,13.81299973,0.852999985,0.032000002,44.66300184,-63.44015166,67.49903675
"413",504,504,1,37.5,115,451,-1.953947425,2.340540648,38,3,2,0.002498179,11.75800037,1.19599998,0.071999997,44.45824722,-63.73557665,67.49903675
"414",623,623,1,37.5,660,677,0.752225876,0.685301483,5,1,1,0.002443607,19.63800049,2.73300004,0.052999999,44.15572935,-64.60019193,67.49903675
"415",631,631,1,37.5,602,617,0.183999598,0.104116119,3,0,1,0.001610173,20.09799957,2.792000055,0.052999999,44.15177719,-64.61233964,67.49903675
"416",635,635,1,37.5,602,600,-1.726894021,0.692534566,15,0,1,0.003610519,16.56800079,3.171000004,0.057,44.15098934,-64.5322271,67.49903675
"417",649,649,1,37.5,448,592,0.077999592,0.228394702,6,1,1,0.000932131,18.16500092,2.017999887,0.045000002,44.144359,-64.6020727,67.49903675
"418",672,672,1,37.5,822,771,0.4801175,0.027163068,5,0,1,0.0262265,22.62599945,3.15899992,0.093000002,43.87467362,-64.90630036,67.49903675
"419",675,675,1,37.5,716,711,0.042621244,0.374512702,5,0,1,0.004553879,22.43300056,2.948999882,0.115999997,43.87184629,-64.9057746,67.49903675
"420",529,529,1,38.75,511,557,-1.060279965,2.26911068,14,10,2,0.007630411,11.24499989,0.839999974,0.035,44.40953925,-64.26114717,70.3244939375
"421",397,397,1,39.2857132,775,738,1,0.461913854,21,2,2,0.057493493,13.18999958,1.633999944,0.209000006,44.70848063,-62.84047552,71.5622705771388
"422",361,361,1,40,502,539,-1.286601186,3.375115156,7,0,1,0.002883845,18.25900078,6.953999996,0.598999977,44.72115055,-63.10118407,73.237723
"423",377,377,1,40,801,768,0.300243527,0.145355597,8,0,1,0.045583867,20.12599945,3.355000019,0.181999996,44.71412952,-63.17496653,73.237723
"424",414,414,1,40,723,728,0.328541785,0.285792202,13,1,0,0.00228341,14.40999985,4.651000023,0.252000004,44.70320007,-63.09010776,73.237723
"425",599,599,1,42,93,445,-2.566999912,4.195204258,16,4,1,0.037895072,12.20899963,1.623000026,0.144999996,44.24017488,-64.33028416,78.081455
"426",612,612,1,42,546,583,-3.065188885,0.332426697,15,1,1,0.005209004,12.76200008,1.756999969,0.026000001,44.21400731,-64.38446037,78.081455
"427",433,433,1,43,776,746,0.35592863,0.158848181,13,1,1,0.12294741,13.60099983,4.434000015,0.27700001,44.69784365,-63.09009945,80.587582
"428",524,524,1,43.75,507,406,-2.497187614,2.886151552,13,11,2,0.024928484,10.6789999,0.70599997,0.041000001,44.41179286,-64.25679962,82.5040414375
"429",333,333,1,44.20000076,101,522,-0.110724941,1.543639183,15,4,1,0.00190102,12.19900036,1.782999992,0.072999999,44.73927869,-62.79087836,83.6690860572334
"430",413,413,1,45,778,755,0.462581038,0.372726858,21,2,1,0.032378808,12.57400036,1.5,0.266000003,44.70406886,-62.84004583,85.768358
"431",463,463,1,45.83333206,722,648,-1.5,0,5,0,1,0.003149945,16.51499939,2.920000076,0.056000002,44.67115075,-63.45125227,87.993327764882
"432",338,338,1,50,652,703,0.698932111,0.369670063,6,1,1,0.002235092,20.00499916,5.585999966,0.370999992,44.73311506,-63.11048753,99.703343
"433",362,362,1,50,762,728,0.097135164,0.084747225,9,0,1,0.002819705,18.10000038,6.961999893,0.99000001,44.720208,-63.09808891,99.703343
"434",514,514,1,50,120,472,-0.352477103,2.155201197,41,9,2,0.031483702,11.32900047,1.343000054,0.064999998,44.45099207,-63.73680526,99.703343
"435",630,630,1,50,510,522,-0.604538202,1.781624794,15,0,2,0.002255975,16.95999908,3.236999989,0.032000002,44.15381848,-64.53273799,99.703343
"436",435,435,1,51.25,731,759,0.491150051,0.297084898,22,2,2,0.078197829,13.18999958,1.536000013,0.280000001,44.69713579,-62.83918141,103.4065189375
"437",600,600,1,52,604,538,-0.14463748,0.586000144,10,1,1,0.002130716,17.3560009,3.296999931,0.096000001,44.23862596,-64.40695296,105.670555
"438",550,550,1,58,159,472,-1.853647351,2.452973604,14,5,3,0.025030259,13.375,1.215000033,0.114,44.39552711,-64.2459039,124.920367
"439",180,180,1,60,745,693,1,0.056795027,9,1,1,0.002372646,20.52899933,5.434999943,0.179000005,45.0737252,-61.92304548,131.786363
"440",382,382,1,60,773,754,0.159921542,0.296653837,11,1,1,0.014642621,16.12299919,6.897999763,0.239999995,44.71234597,-63.07863331,131.786363
"441",440,440,1,60,668,596,0.074760795,1.45164752,13,0,1,0.101223968,13.34399986,4.222000122,0.204999998,44.69531941,-63.09451295,131.786363
"442",716,716,1,60,344,310,-4.340810299,5.354407787,10,-2,1,0.027770277,16.7689991,4.843999863,0.289000005,43.81976272,-64.92979477,131.786363
"443",670,670,1,62.20000076,802,751,0.310132921,0.052077927,5,0,1,0.003425759,22.28199959,3.154000044,0.118000001,43.87539784,-64.90066027,139.598485225694
"444",339,339,1,62.5,693,690,0.044921804,0.437616259,10,3,1,0.003985459,14.35900021,4.005000114,0.310000002,44.73253684,-63.01854532,140.68483675
"445",348,348,1,62.5,547,568,-0.995071828,4.202480793,11,2,1,0.002888653,13.93000031,4.196000099,0.407999992,44.72812652,-63.01235603,140.68483675
"446",406,406,1,62.5,717,593,-1.492791176,1.06735003,19,0,1,0.058871716,13.10700035,1.572000027,0.254999995,44.70627443,-62.84003976,140.68483675
"447",464,464,1,62.5,724,666,-1.5,0,5,0,1,0.003557925,16.01300049,2.173000097,0.074000001,44.67116292,-63.44816146,140.68483675
"448",468,468,1,62.5,688,645,-1.5,0,5,0,1,0.00282058,16.29899979,2.812000036,0.050999999,44.66799125,-63.45343543,140.68483675
"449",629,629,1,62.5,606,642,0.353411645,0.062456183,3,0,1,0.001575973,20.80999947,3.118000031,0.048999999,44.15364859,-64.61370363,140.68483675
"450",358,358,1,63.33333206,511,603,0.565360785,0.450385898,13,5,1,0.001723174,14.29599953,4.734000206,0.437000006,44.72308553,-63.00881934,143.729009429805
"451",608,608,1,67,748,685,-0.513578236,0.05687486,20,1,1,0.014531987,13.37300014,2.426000118,0.166999996,44.22004006,-64.3543681,157.58683
"452",721,721,1,67.5,780,724,0.35630095,0.591813385,15,2,1,0.026451964,16.82900047,4.198999882,0.337000012,43.81633494,-64.92750833,159.53504675
"453",713,713,1,69.01999664,633,500,-0.123525091,5.138446331,11,1,1,0.002175884,17.61400032,5.086999893,0.157000005,43.82881542,-64.93487471,165.543850568706
"454",366,366,1,70,620,658,0.623812258,2.649141312,8,1,1,0.008118755,21.30400085,3.007999897,0.148000002,44.71917751,-63.17056251,169.486783
"455",374,374,1,70,800,787,0.581755757,0.050792117,8,1,1,0.045476578,20.3390007,3.244999886,0.187000006,44.71602337,-63.17276274,169.486783
"456",437,437,1,70,738,700,0.707228065,1.00958395,13,0,1,0.031447262,13.65499973,5.347000122,0.177000001,44.6962582,-63.1020242,169.486783
"457",451,451,1,70,643,555,-0.454066455,0.810454071,10,1,0,0.132245898,14.4659996,4.710000038,0.179000005,44.69240137,-63.16650843,169.486783
"458",458,458,1,70,619,614,0.790830672,0.039232027,12,3,1,0.000781242,18.98999977,3.871999979,0.032000002,44.68675078,-63.15147525,169.486783
"459",535,535,1,70.83333588,562,552,-0.326976269,4.490107536,14,15,2,0.005869553,10.69699955,0.690999985,0.024,44.40715829,-64.27692033,172.882058296648
"460",402,402,1,71.40000153,100,616,-0.733409464,0.616098821,19,1,1,0.111685462,13.38500023,1.898000002,0.175999999,44.70750239,-62.81838651,175.21311663822
"461",678,678,1,71.66666412,722,672,0.311048448,0.676941872,1,0,1,0.026363447,22.61100006,3.680999994,0.090000004,43.86803861,-64.96314919,176.316311889695
"462",415,415,1,75,651,653,-0.443125427,1.052913666,20,1,1,0.049225435,12.61900043,1.521999955,0.25999999,44.70311924,-62.83695584,190.443518
"463",441,441,1,75,787,778,0.552004278,0.081437387,23,1,1,0.045619845,13.29699993,1.50999999,0.188999996,44.69524654,-62.84007012,190.443518
"464",559,559,1,75,436,689,0.237490907,0.23874934,13,2,1,0.001061714,15.55799961,3.799000025,0.186000004,44.3848015,-64.27555536,190.443518
"465",432,432,1,75.41666412,462,645,-0.440944701,1.64276576,21,1,1,0.008062306,12.99800014,1.416000009,0.233999997,44.69871552,-62.84226941,192.253292290733
"466",389,389,1,76.7857132,628,702,0.36629656,0.383387774,20,1,1,0.160384029,13.91800022,2.266000032,0.090999998,44.71003742,-62.8276575,198.268401325769
"467",294,294,1,77.66666412,676,440,-0.130857959,2.174350977,16,4,1,0.090529174,13.41499996,1.493999958,0.035,44.82027172,-62.57145208,202.194655031356
"468",610,610,1,78,560,645,-0.593909383,0.760891557,17,3,1,0.007012642,12.41100025,1.703999996,0.046999998,44.21653277,-64.38408141,203.691647
"469",533,533,1,79.16666412,586,555,-0.696180463,1.193670869,15,7,2,0.034643359,12.91800022,1.621000051,0.064000003,44.4083421,-64.25540699,208.980219566771
"470",400,400,1,80,828,781,0.438668162,0.122814484,12,1,1,0.047617413,15.20800018,6.471000195,0.157000005,44.70761364,-63.08702176,212.804603
"471",410,410,1,80,822,775,0.543268979,0.116594791,13,2,1,0.079475284,14.7130003,6.379000187,0.196999997,44.70477822,-63.0865757,212.804603
"472",425,425,1,80,768,746,0.493559033,0.13852638,13,1,1,0.130359188,13.85599995,4.676000118,0.312999994,44.70005061,-63.08833577,212.804603
"473",431,431,1,80,700,706,0.778957903,0.088040598,14,2,1,0.178741276,15.15600014,4.724999905,0.268000007,44.69879888,-63.07640613,212.804603
"474",310,310,1,81.30000305,706,543,0.350355059,0.517566562,17,3,1,0.002257794,13.82900047,1.057999969,0.048,44.77715198,-62.68191997,218.848531921319
"475",188,188,1,82.5,813,769,1,0,10,1,1,0.028134029,19.31500053,6.335000038,0.186000004,45.07178473,-61.91774635,224.51177675
"476",510,510,1,84,64,261,-5.276892185,8.492715836,32,6,1,0.069069915,10.49100018,1.289000034,0.126000002,44.45563765,-63.58772742,231.704603
"477",697,697,1,84,753,658,-0.78293103,0.086621955,5,0,1,0.027721971,19.95800018,4.589000225,0.229000002,43.8443411,-64.94843872,231.704603
"478",609,609,1,85,114,641,-0.352165222,0.998970628,21,5,1,0.006943559,12.42700005,2.323999882,0.083999999,44.2182483,-64.34600206,236.570038
"479",607,607,1,86,725,555,0.300830215,0.929715455,17,3,1,0.007446335,13.35900021,1.756000042,0.30399999,44.22254465,-64.38203134,241.491647
"480",715,715,1,86,818,770,0.656498075,0.131724611,13,2,1,0.027457364,18.15299988,6.024000168,0.310000002,43.82343175,-64.93644176,241.491647
"481",315,315,1,87.40000153,114,522,-1.484504342,0.391544104,12,3,1,0.002946999,12.94499969,1.14199996,0.129999995,44.77008517,-62.75494004,248.47627961336
"482",203,203,1,87.5,807,766,1,0,12,1,1,0.035653431,17.97800064,6.735000134,0.231999993,45.06356501,-61.91478949,248.97938675
"483",342,342,1,87.5,749,709,0.404246509,0.223372295,11,3,1,0.003372165,14.35599995,4.285999775,0.356000006,44.7309617,-63.01677676,248.97938675
"484",418,418,1,87.5,671,558,-2.70416522,0.903441966,19,0,1,0.047354121,12.34700012,1.468000054,0.225999996,44.70186817,-62.84358622,248.97938675
"485",419,419,1,87.5,549,544,-1.920070648,0.88581866,19,0,1,0.094610229,12.56299973,1.480999947,0.294999987,44.70186328,-62.84005191,248.97938675
"486",427,427,1,87.5,593,588,-3.055847883,0.296714962,19,0,2,0.007636227,12.80300045,1.368999958,0.209999993,44.69998008,-62.84535841,248.97938675
"487",428,428,1,87.5,555,598,-1.357730865,0.923641205,20,0,1,0.056795146,12.51599979,1.486999989,0.294999987,44.69997154,-62.83917356,248.97938675
"488",467,467,1,87.5,688,646,-1.5,0,6,0,1,0.003681466,14.48400021,0.884000003,0.041999999,44.66929142,-63.44329006,248.97938675
"489",531,531,1,87.5,606,544,-1.478480577,1.057567716,15,7,2,0.037962906,12.38899994,1.067000031,0.066,44.40932095,-64.25235086,248.97938675
"490",574,574,1,87.5,525,531,-1.172967553,3.299966335,16,1,2,0.020992398,12.88199997,2.131000042,0.109999999,44.37256957,-64.21246906,248.97938675
"491",575,575,1,87.5,72,372,-3.556188822,4.44678688,14,0,2,0.028726358,11.77700043,1.340000033,0.057,44.37197676,-64.20894241,248.97938675
"492",579,579,1,87.5,109,509,0.757903695,0.777227938,19,6,2,0.089703865,13.41899967,2.078999996,0.105999999,44.3660653,-64.20179269,248.97938675
"493",580,580,1,87.5,144,642,1,0.427241981,19,4,3,0.078455962,14.04100037,2.707999945,0.151999995,44.36539821,-64.20529307,248.97938675
"494",639,639,1,87.5,707,673,0.291492105,0.576125801,17,1,1,0.002325093,16.90800095,3.40899992,0.074000001,44.14944951,-64.52956138,248.97938675
"495",650,650,1,87.5,704,671,-0.006305112,0.384652048,18,1,1,0.002752479,16.28100014,3.838999987,0.134000003,44.14411789,-64.52767326,248.97938675
"496",676,676,1,87.5,810,757,0.300270349,0.026121425,6,0,1,0.020506188,22.11000061,3.082999945,0.144999996,43.8703078,-64.9035476,248.97938675
"497",184,184,1,90,699,725,0.611896336,0.308571398,9,0,1,0.002417995,19.96800041,6.041999817,0.173999995,45.0727592,-61.92084043,261.739823
"498",198,198,1,90,729,719,1,0,11,1,1,0.002162382,18.68499947,6.737999916,0.296000004,45.06831122,-61.91692269,261.739823
"499",213,213,1,90,820,770,0.149373963,0.116685711,15,1,1,0.053766206,15.66300011,5.394999981,0.316000015,45.05145016,-61.89990652,261.739823
"500",394,394,1,90,707,714,0.401157469,0.388702601,9,0,1,0.002745063,18.7329998,3.59100008,0.138999999,44.70876627,-63.17936881,261.739823
"501",408,408,1,90,748,747,0.486050963,0.065202713,9,1,1,0.002480239,17.13800049,5.059000015,0.195999995,44.70530244,-63.17803266,261.739823
"502",426,426,1,90,752,735,0.677188873,0.093068756,14,2,1,0.131994411,14.05099964,6.855000019,0.39199999,44.70005459,-63.08303444,261.739823
"503",446,446,1,90,770,736,0.284883231,0.411531329,10,1,0,0.054232877,16.04299927,4.769999981,0.136000007,44.6942976,-63.16253827,261.739823
"504",237,237,1,91.40000153,82,602,-0.639395297,0.609381378,21,2,1,0.164186865,14.26299953,1.269999981,0.224000007,44.94317732,-62.05281333,269.039030357145
"505",719,719,1,93.1818161,710,647,0.051830966,2.346183777,15,1,1,0.029032847,16.46800041,4.988999844,0.26699999,43.81788769,-64.92886393,278.488138260721
"506",657,657,1,94,746,655,-0.645489395,0.192090198,10,0,1,0.036172695,12.54300022,2.319999933,0.056000002,43.92450812,-64.84598127,282.886783
"507",334,334,1,94.30000305,687,665,0.226295963,0.558826029,9,3,1,0.00409076,15,3.096999884,0.201000005,44.73852386,-63.01545274,284.509053748618
"508",202,202,1,95,808,765,1,0,11,1,1,0.035549592,18.40800095,6.758999825,0.270999998,45.06515271,-61.91609318,288.313958
"509",380,380,1,95,798,771,0.330086082,0.157893986,8,1,1,0.058878221,19.73500061,3.677000046,0.192000002,44.71350339,-63.17231337,288.313958
"510",327,327,1,96.5,698,713,0.461752683,0.37079829,7,4,1,0.005309379,14.96399975,3.184999943,0.170000002,44.74513833,-63.02739176,296.56004675
"511",548,548,1,97,456,365,-3.01317358,4.152939796,10,2,1,0.001808919,14.21100044,0.985000014,0.082999997,44.39610301,-64.27931674,299.33683
"512",549,549,1,97,577,614,-0.875170231,2.315981388,14,3,3,0.004700026,13.2840004,1.914999962,0.291000009,44.39632278,-64.25954477,299.33683
"513",712,712,1,97,784,735,0.358633786,0.601712704,11,1,1,0.027314596,18.49900055,5.721000195,0.293000013,43.82874904,-64.93879016,299.33683
"514",320,320,1,97.19999695,543,584,-0.681094587,0.429020435,3,3,1,0.003853896,16.87700081,0.760999978,0.061000001,44.76309752,-63.02916927,300.451458464524
"515",683,683,1,98,722,564,-0.910057068,0.561803401,10,0,1,0.044653248,19.83699989,3.503000021,0.127000004,43.86187107,-64.88019591,304.932527
"516",698,698,1,98,706,595,-1.555971026,0.102695815,14,1,1,0.093758866,16.59399986,3.371999979,0.166999996,43.84478359,-64.86529052,304.932527
"517",287,287,1,98.19999695,105,498,-1.747642994,2.032772064,15,2,1,0.025967076,12.02700043,0.897000015,0.037,44.8412103,-62.45704039,306.058390093193
"518",305,305,1,98.69999695,98,577,-0.821534455,0.750210881,17,4,1,0.084752992,13.55200005,1.297999978,0.066,44.79296339,-62.5999733,308.882921157528
"519",554,554,1,99,525,452,-1.60925591,1.931358218,13,1,1,0.002279317,13.96399975,2.319999933,0.453999996,44.39470884,-64.26302592,310.584398
"520",558,558,1,99,440,520,-0.504752219,0.513696015,13,3,1,0.001422203,15.19900036,3.292999983,0.27700001,44.38825694,-64.27650926,310.584398
"521",165,165,1,99.30000305,72,501,-1.49952054,0.684057593,18,2,1,0.001030507,15.03199959,0.477999985,0.07,45.09252179,-61.72876257,312.290930605271
"522",171,171,1,100,100,504,1,0.696441591,18,8,1,0.001291007,13.81099987,0.75,0.028999999,45.07746759,-61.82336776,316.292443
"523",306,306,1,100,73,541,-0.19158265,0.662275195,18,6,1,0.19360283,13.0710001,1.358999968,0.050000001,44.78196046,-62.60712772,316.292443
"524",312,312,1,100,139,688,0.1739683,0.314518392,17,3,1,0.001859332,12.30900002,1.50999999,0.02,44.77464967,-62.68856889,316.292443
"525",326,326,1,100,108,436,-0.50805974,2.582351446,16,4,1,0.077997722,12.56099987,1.379999995,0.037,44.75174539,-62.72627645,316.292443
"526",328,328,1,100,755,721,0.026204089,0.21789071,14,1,1,0.003570638,13.44999981,1.549999952,0.218999997,44.7449605,-62.79660543,316.292443
"527",330,330,1,100,747,718,0.300704479,0.380457371,15,1,1,0.003424812,13.21700001,1.360000014,0.179000005,44.74402228,-62.80058772,316.292443
"528",347,347,1,100,674,703,0.684188783,0.261270851,7,1,1,0.002771101,19.8029995,6.106999874,0.349999994,44.72806984,-63.11445584,316.292443
"529",363,363,1,100,718,730,0.404447496,0.259563535,9,1,1,0.002330238,18.51499939,5.815000057,0.257999986,44.71988162,-63.11046235,316.292443
"530",365,365,1,100,742,735,0.156464979,0.106360003,9,0,0,0.002617464,18.21999931,6.593999863,0.393000007,44.7195699,-63.10692635,316.292443
"531",387,387,1,100,786,769,0.399503082,0.195352718,9,1,1,0.04049094,19.14999962,4.953000069,0.246000007,44.71004276,-63.16876827,316.292443
"532",399,399,1,100,759,681,0.139259756,0.602698743,9,1,1,0.078927249,18.47999954,5.462999821,0.224999994,44.70783784,-63.16832003,316.292443
"533",403,403,1,100,750,740,0.603359461,0.132878825,9,0,1,0.002375249,18.2689991,3.542999983,0.152999997,44.70718877,-63.18068943,316.292443
"534",421,421,1,100,756,731,0.437545836,0.036784623,13,2,0,0.143454969,13.99199963,5.883999825,0.344000012,44.7013133,-63.08524518,316.292443
"535",438,438,1,100,786,738,0.645304441,0.151406407,13,0,1,0.092730246,13.49199963,4.677999973,0.234999999,44.69626206,-63.09760673,316.292443
"536",447,447,1,100,684,686,0.546961725,0.875858903,13,0,1,0.002982876,13.74800014,5.675000191,0.153999999,44.6937335,-63.10643707,316.292443
"537",538,538,1,100,97,475,-2.550471783,3.369152308,13,2,1,0.021361884,13.01599979,0.850000024,0.111000001,44.40013696,-64.25655003,316.292443
"538",546,546,1,100,569,509,1,1.026465297,18,7,1,0.003066708,13.73099995,1.467000008,0.068000004,44.39720729,-64.23627077,316.292443
"539",547,547,1,100,429,419,-0.807581007,2.398849249,12,4,1,0.001618501,14.31099987,1.567000031,0.158999994,44.3963786,-64.28283862,316.292443
"540",689,689,1,100,767,661,-0.261191398,0.131072327,10,0,1,0.003822703,19.3390007,3.79399991,0.134000003,43.85537065,-64.89218512,316.292443
"541",693,693,1,100,741,613,-0.680239737,0.787463605,14,1,1,0.081821956,18.01199913,3.290999889,0.126000002,43.85015929,-64.86415177,316.292443
"542",699,699,1,100,750,684,0.289239794,0.98570174,7,1,1,0.027794102,19.37700081,5.138000011,0.234999999,43.84156588,-64.9448653,316.292443
"543",709,709,1,100,796,768,0.404543698,0.283578336,9,1,1,0.027333245,19.0529995,5.381000042,0.35800001,43.83498154,-64.94291002,316.292443
"544",750,750,1,100,684,610,-1.464788556,0.462561905,14,0,1,0.070453629,16.80900002,1.546000004,0.150000006,43.64221775,-65.31030353,316.292443
