,PA,cover,suitability9,suitability12,bathy_m,slope,bpi_broad,bpi_fine,sub_type,rei,temp1m_median,temp1m_qrange,ws1m_q90,coords$lat,coords$lon
8,0,0,NA,NA,-4.9375,NA,51,14,0,0.000981247,NA,NA,NA,45.35316351,-60.97181541
9,0,0,186,135,-4.901474953,2.190562963,46,6,0,0.156527147,NA,NA,NA,45.35252196,-60.95351839
10,0,0,NA,NA,-2.855499983,NA,55,8,0,0.023139663,NA,NA,NA,45.35153761,-61.02281097
11,0,0,62,73,-8.095399857,2.250249386,40,8,0,0.375189185,NA,NA,NA,45.34956846,-60.92949743
12,0,0,550,244,-6.120999813,0.522033691,48,3,0,0.066629149,NA,NA,NA,45.34780312,-60.97156014
13,0,0,265,149,-7.779970646,15.24016571,43,1,0,0.015568888,NA,NA,NA,45.34559234,-60.98906328
14,0,0,145,117,-3.397500038,2.574091673,45,7,0,0.300406218,NA,NA,NA,45.34289205,-60.94359022
16,0,0,NA,NA,-2.597418547,1.299071908,38,6,0,NA,NA,NA,NA,45.31278322,-60.96879166
18,0,0,NA,NA,-3.210249901,2.87378335,24,9,0,NA,NA,NA,NA,45.28308381,-60.96405052
19,0,0,82,113,-5.480999947,2.463450909,21,1,0,0.201592311,NA,NA,NA,45.25353838,-61.04004329
20,0,0,253,113,-4.759571075,4.390132427,4,0,1,0.000899172,NA,NA,NA,45.23317691,-61.77021905
21,0,0,NA,NA,-5.693610668,5.922494411,4,1,1,NA,NA,NA,NA,45.22831225,-61.75739428
22,0,0,157,150,-4.143109798,3.506291628,2,2,1,0.002205824,NA,NA,NA,45.21757422,-61.72642452
23,0,0,139,94,-7.964075089,3.837179422,2,3,1,0.001595871,NA,NA,NA,45.21512875,-61.73316533
24,0,0,164,187,-6.631102085,0.365463078,1,0,1,0.002780296,NA,NA,NA,45.21248979,-61.72252647
25,0,0,129,183,-3.457413435,3.731480837,2,2,3,0.002636217,NA,NA,NA,45.20584033,-61.7195556
26,0,0,NA,NA,-1.898414731,NA,7,7,3,0.002400235,NA,NA,NA,45.20046572,-61.71789365
27,0,0,309,375,-1.308737159,1.989614725,10,0,1,0.000898183,NA,NA,NA,45.19834569,-61.67026025
28,0,0,283,310,-3.68902564,0.536100507,8,-1,1,0.001230891,NA,NA,NA,45.19546939,-61.66676249
29,0,0,495,496,-0.146018192,1.446789145,12,3,3,0.0017368,NA,NA,NA,45.19066663,-61.66019129
30,0,0,303,347,-3.818850517,0.320319742,8,0,1,0.001726283,NA,NA,NA,45.19040383,-61.66465301
31,0,0,197,199,-5.964390278,0.496662289,6,-1,1,0.005789598,NA,NA,NA,45.18243553,-61.65682046
32,0,0,NA,NA,0.363784105,NA,12,10,3,0.000736247,NA,NA,NA,45.18091207,-61.71610525
33,0,0,156,175,-7.464652061,1.042724967,6,-1,1,0.031563349,NA,NA,NA,45.18018352,-61.65286414
34,0,0,332,365,-1.852685571,2.501671314,17,0,3,0.122215375,NA,NA,NA,45.17731043,-61.45114172
35,0,0,205,183,-5.217710018,1.045653582,8,0,1,0.003389238,NA,NA,NA,45.17894988,-61.65512056
36,0,0,224,301,-3.720848799,0.217839077,16,0,1,0.174849153,NA,NA,NA,45.17443363,-61.44810171
37,0,0,212,169,-4.611757755,3.563736439,8,1,1,0.023608716,NA,NA,NA,45.17578444,-61.65385876
38,0,0,92,163,-2.892157555,1.656562567,17,2,3,0.290104449,NA,NA,NA,45.17144733,-61.43704765
39,0,0,269,152,-4.13284111,3.707270384,9,7,1,0.001426897,NA,NA,NA,45.17454225,-61.71001237
40,0,0,95,157,-5.467635155,0.425469637,14,0,1,0.225342482,NA,NA,NA,45.17064222,-61.4473139
42,0,0,153,160,-6.022661209,1.088881731,6,0,1,0.003565167,NA,NA,NA,45.17161089,-61.64727598
43,0,0,NA,NA,-2.330492258,NA,11,10,1,NA,NA,NA,NA,45.17102206,-61.70519241
44,0,0,308,210,-3.701065302,2.49922514,10,3,0,0.002163245,NA,NA,NA,45.16936385,-61.64376605
45,0,0,270,243,-2.957405806,1.781139255,18,3,3,0.142188311,NA,NA,NA,45.16691128,-61.45097826
46,0,0,331,213,-3.328620195,6.425028801,11,4,3,0.081049107,NA,NA,NA,45.16914904,-61.65223354
48,0,0,169,117,-9.365418434,5.205289841,5,-1,0,0.03362688,NA,NA,NA,45.16783652,-61.64781071
49,0,0,344,288,-2.619120121,2.450774431,12,4,0,0.001714422,NA,NA,NA,45.16780485,-61.64513919
52,0,0,405,454,-0.905704975,1.677762866,13,4,2,0.000768268,NA,NA,NA,45.16554715,-61.64073911
53,0,0,126,263,-1.750622272,0.579621315,18,5,3,0.393637449,NA,NA,NA,45.1630836,-61.44751927
55,0,0,179,119,-10.69093132,1.380671024,4,-2,1,0.083717339,NA,NA,NA,45.16500706,-61.64832302
57,0,0,72,91,-3.612134457,1.954670191,19,12,3,0.492923856,NA,NA,NA,45.16109947,-61.41773629
59,0,0,51,71,-6.209321976,4.155769348,14,7,3,0.533664048,NA,NA,NA,45.16085229,-61.4226417
61,0,0,53,74,-7.493813992,2.062922716,14,3,3,0.486519665,NA,NA,NA,45.16081839,-61.44312757
62,0,0,690,727,-0.213161588,0.368283659,16,0,1,0.045036282,NA,NA,NA,45.16186493,-61.5464162
64,0,0,NA,NA,0.366762459,NA,16,0,1,0.000798068,NA,NA,NA,45.16185347,-61.57046444
66,0,0,152,161,-6.81088829,1.076134562,8,2,0,0.093230836,NA,NA,NA,45.16216178,-61.64749964
67,0,0,54,75,-7.684306145,1.549549937,12,0,3,0.486097366,NA,NA,NA,45.15960712,-61.44672308
68,0,0,356,560,-0.492907852,1.525505424,13,11,3,0.085065164,NA,NA,NA,45.16165266,-61.6577543
69,0,0,620,571,0.22655049,0,16,0,1,0.001233069,NA,NA,NA,45.16029538,-61.57183937
70,0,0,78,137,-5.195964336,0.400668085,12,2,3,0.337083787,NA,NA,NA,45.15936475,-61.49927661
72,0,0,165,157,-3.016819477,0.975748777,19,5,3,0.382563084,NA,NA,NA,45.15846811,-61.45566016
73,0,0,127,125,-7.006731033,3.209413528,8,3,0,0.0936426,NA,NA,NA,45.16056582,-61.64575612
75,0,0,508,621,-0.076348662,0.7005077,15,6,0,0.11255005,NA,NA,NA,45.1594937,-61.63509399
76,0,0,NA,NA,0.591516078,NA,16,0,1,NA,NA,NA,NA,45.15874283,-61.5736594
78,0,0,56,88,-6.177869797,1.212652326,10,0,3,0.391411781,NA,NA,NA,45.15743992,-61.49665536
79,0,0,133,168,-4.854445457,2.590275288,7,6,3,0.05537327,NA,NA,NA,45.15929945,-61.67205956
80,0,0,619,505,0.656141877,0,16,0,1,0.001456249,NA,NA,NA,45.15815179,-61.57679127
83,0,0,105,101,-8.208165169,2.708963394,7,3,3,0.116071284,NA,NA,NA,45.15835046,-61.644918
87,0,0,178,181,-6.056108952,0.585722566,9,2,0,0.117886357,NA,NA,NA,45.15697926,-61.63559932
88,0,0,99,110,-6.921360016,2.309628963,8,5,0,0.14244473,NA,NA,NA,45.15675447,-61.64317466
90,0,0,156,165,-3.533192873,2.875777006,12,4,0,0.156547979,NA,NA,NA,45.15628003,-61.62982726
91,0,0,599,629,-1.921147585,0.391694993,15,0,1,0.045047455,NA,NA,NA,45.1555654,-61.57151227
92,0,0,266,190,-5.091134071,0.620375454,10,5,0,0.14283824,NA,NA,NA,45.15606624,-61.63829284
93,0,0,134,145,-6.45533514,1.08500433,9,5,0,0.120716162,NA,NA,NA,45.15578309,-61.64097129
94,0,0,105,97,-9.851445198,1.369484663,5,-1,0,0.157220185,NA,NA,NA,45.15536714,-61.63252083
96,0,0,203,166,-4.422516823,2.784415007,11,4,0,0.100594759,NA,NA,NA,45.15467311,-61.62719411
97,0,0,101,110,-6.962175846,2.316846848,8,3,0,0.143629864,NA,NA,NA,45.15447014,-61.63654976
99,0,0,79,81,-5.451193333,1.022953153,15,6,3,0.557688653,NA,NA,NA,45.15125447,-61.45808128
101,0,0,53,70,-9.666642189,1.267670393,7,1,3,0.44781965,NA,NA,NA,45.15091366,-61.50350568
102,0,0,107,129,-6.218389034,1.517705917,8,2,2,0.132347643,NA,NA,NA,45.15215336,-61.62725462
103,0,0,109,197,-1.272157311,1.925153971,17,6,3,0.350519896,NA,NA,NA,45.15087096,-61.5244334
104,0,0,58,85,-7.38563776,1.147983313,9,3,3,0.403715461,NA,NA,NA,45.15053444,-61.49861792
105,0,0,51,76,-8.011187553,2.671179056,8,1,3,0.404647231,NA,NA,NA,45.15044057,-61.49149649
106,0,0,56,82,-7.367343903,1.122629762,12,4,1,0.45068571,NA,NA,NA,45.15001359,-61.48304819
107,0,0,173,206,-3.302931547,1.843462467,11,4,1,0.128974259,NA,NA,NA,45.15146983,-61.62281852
108,0,0,250,479,-0.511356831,1.374882579,16,5,3,0.200998947,NA,NA,NA,45.15059826,-61.57742456
111,0,0,66,107,-4.694219112,1.782396913,12,3,3,0.296060413,NA,NA,NA,45.14930625,-61.54985216
112,0,0,97,152,-3.155749559,2.560423136,14,5,3,0.235153988,NA,NA,NA,45.14913767,-61.5614325
114,0,0,78,113,-6.828013897,1.380388737,9,5,3,0.187710986,NA,NA,NA,45.14936673,-61.63132864
115,0,0,53,77,-6.266951084,1.435539961,11,7,3,0.487085164,NA,NA,NA,45.14761191,-61.49201634
116,0,0,70,85,-4.226666927,1.240842581,14,8,3,0.560557246,NA,NA,NA,45.14726807,-61.46620272
117,0,0,67,112,-3.733096361,1.331532001,14,7,3,0.402156591,NA,NA,NA,45.14739495,-61.52363266
118,0,0,55,82,-6.126057625,2.134588957,12,6,3,0.381755233,NA,NA,NA,45.14716612,-61.53031684
119,0,0,194,147,-5.244702339,5.835820198,10,9,1,0.051368896,NA,NA,NA,45.14860067,-61.6731985
120,0,0,95,136,-8.426815033,0.576828361,9,1,1,0.173197716,NA,NA,NA,45.1472983,-61.56548574
121,0,0,65,96,-7.414992332,2.681927681,9,2,3,0.204185054,NA,NA,NA,45.14693856,-61.56193304
123,0,0,85,161,-2.535983801,3.327442169,13,7,3,0.254502714,NA,NA,NA,45.14596784,-61.5851083
124,0,0,76,116,-6.960659504,1.155905366,10,4,3,0.194448486,NA,NA,NA,45.1451812,-61.62386037
125,0,0,312,293,-2.485856771,2.670778751,16,14,3,0.08203207,NA,NA,NA,45.14253839,-61.66666142
130,0,0,129,114,-8.985155106,4.739241123,9,7,1,0.055053473,NA,NA,NA,45.13803494,-61.65875376
131,0,0,52,74,-11.13126087,1.78503418,10,1,2,0.401747912,NA,NA,NA,45.13666831,-61.54705663
132,0,0,64,94,-6.185871124,1.722112417,13,3,3,0.286448181,NA,NA,NA,45.1364381,-61.55373949
134,0,0,312,378,-1.838715434,3.238495111,15,12,3,0.053025778,NA,NA,NA,45.13613988,-61.65835306
135,0,0,59,100,-7.702846527,0.51917249,12,1,3,0.414341867,NA,NA,NA,45.13273532,-61.53513866
137,0,0,339,364,-2.195937872,2.740894794,17,14,3,0.053002667,NA,NA,NA,45.13167788,-61.65400672
138,0,0,NA,NA,-1.100000024,NA,1,0,1,NA,21.25,0.266000003,0.017999999,45.1345727,-61.9966808
140,0,0,208,409,-0.430905461,1.399820805,20,8,3,0.260409623,NA,NA,NA,45.12824486,-61.60423957
141,0,0,NA,NA,-0.699999988,NA,1,0,1,NA,21.25300026,0.328999996,0.032000002,45.13197406,-61.98782438
142,0,0,83,120,-4.026405334,0.974270165,17,1,3,0.4269256,NA,NA,NA,45.12662357,-61.54998205
143,0,0,NA,NA,-1.899999976,0.591022193,0,0,1,NA,21.44799995,0.388999999,0.034000002,45.1297532,-61.98608334
144,0,0,61,84,-4.5129776,1.519842744,16,2,3,0.516255677,NA,NA,NA,45.1244721,-61.52956466
145,0,0,119,187,-2.244979143,1.18201673,19,2,3,0.378879607,NA,NA,NA,45.12355289,-61.55629033
146,0,0,59,89,-6.929772377,0.9894014,15,0,3,0.428732604,NA,NA,NA,45.12345136,-61.54828229
147,0,0,NA,NA,-0.5,0,1,1,1,NA,21.45800018,0.601999998,0.041999999,45.12687057,-61.98079369
148,0,0,NA,NA,-0.699999988,1.720467448,1,1,1,NA,21.52799988,0.467000008,0.039999999,45.12530742,-61.98215668
149,0,0,55,83,-7.565040112,1.284958124,15,0,3,0.425259203,NA,NA,NA,45.12027347,-61.54613785
150,0,0,NA,NA,-2.599999905,1.297014236,1,1,1,NA,21.57799911,0.686999977,0.041000001,45.12401161,-61.97817438
152,0,0,NA,NA,-0.699999988,NA,1,1,1,NA,21.66200066,1.907999992,0.145999998,45.12016356,-61.97067795
153,0,0,NA,NA,-0.899999976,1.437930465,2,1,1,NA,21.66399956,2.013000011,0.172999993,45.11828152,-61.97160178
154,0,0,NA,NA,-0.800000012,0,2,2,1,NA,21.60000038,2.273999929,0.158000007,45.11634728,-61.96674177
155,0,0,NA,NA,-6.599999905,2.031894684,2,2,2,NA,21.66399956,2.255000114,0.27700001,45.11478832,-61.96854976
157,0,0,62,127,-1.836166024,2.177553654,19,12,3,0.456320524,NA,NA,NA,45.10680731,-61.57762307
158,0,0,61,94,-5.141480923,2.454668999,18,2,3,0.328577012,NA,NA,NA,45.10505322,-61.53851629
159,0,0,NA,NA,-1,0,2,1,1,NA,21.6609993,2.431999922,0.26699999,45.10654972,-61.96335934
161,0,0,NA,NA,-0.899999976,1.548009515,2,1,1,NA,21.67000008,2.428999901,0.172000006,45.10500692,-61.96694638
162,0,0,103,144,-1.389421582,1.691121697,23,10,3,0.54329741,NA,NA,NA,45.09908606,-61.54000309
163,0,0,NA,NA,-6.099999905,0.80433917,-1,-3,1,NA,21.7840004,2.446000099,0.395000011,45.09930045,-61.96304569
164,0,0,607,696,-0.851512432,0.985285938,19,1,1,0.055665776,15.17800045,0.512000024,0.079000004,45.09629665,-61.72823398
166,0,0,NA,NA,-1.200000048,0.213878632,4,2,1,NA,21.81200027,2.39199996,0.316000015,45.09168756,-61.95740125
167,0,0,284,166,-3.099999905,4.158974648,3,-1,1,0.001225708,21.82600021,2.354000092,0.377000004,45.08152571,-61.94869196
168,0,0,NA,NA,-1.100000024,NA,7,1,1,0.013071226,21.3939991,3.084000111,0.150000006,45.07949549,-61.93360968
169,0,0,658,699,-0.899999976,0,7,1,1,0.00179614,21.69599915,2.743999958,0.136000007,45.07922191,-61.93806166
170,0,0,587,625,0.581599116,0.414932698,15,4,1,0.001372071,NA,NA,NA,45.07853822,-61.86692485
172,0,0,77,98,-6.350327492,5.098628998,10,2,1,0.174561858,12.04199982,0.453999996,0.052000001,45.07740329,-61.81714363
173,0,0,449,360,-2.100095272,2.596095085,14,3,1,0.001936209,NA,NA,NA,45.07657741,-61.8598489
174,0,0,329,137,-7.400000095,0.870453179,4,-2,1,0.00186983,21.48699951,3.267999887,0.181999996,45.07666041,-61.93366242
175,0,0,91,118,-5.106845856,2.368991137,12,3,3,0.187379017,12.79699993,0.674000025,0.048,45.07520752,-61.81807825
176,0,0,726,719,-0.311406136,0.409657657,8,1,1,0.019668574,21.04899979,4.017000198,0.165000007,45.07568212,-61.93012332
177,0,0,173,200,-3.097797632,2.09274888,15,3,1,0.157865718,13.6260004,0.879999995,0.044,45.07398888,-61.82210522
180,0,0,602,610,-1.299999952,0.205133632,8,1,1,0.001533392,21.3939991,3.704999924,0.143999994,45.07350202,-61.93283187
182,0,0,268,213,-6.051530838,0.143587157,10,-2,1,0.002265108,NA,NA,NA,45.07276184,-61.85636766
184,0,0,NA,NA,-0.104233392,NA,16,4,1,0.000309428,NA,NA,NA,45.07259721,-61.87148864
185,0,0,199,119,-6.095774651,2.697880745,11,-1,1,0.001610666,NA,NA,NA,45.07156842,-61.86306092
187,0,0,673,651,-0.758152902,0.270777166,17,1,1,0.001200973,NA,NA,NA,45.07131333,-61.83772217
190,0,0,449,325,-2.570971966,2.020982981,16,0,1,0.001197565,NA,NA,NA,45.07071045,-61.84040213
192,0,0,387,349,-3.400000095,0.765763283,7,-1,1,0.002262956,19.74399948,6.508999825,0.175999999,45.07055414,-61.92088193
193,0,0,710,692,0,0,11,1,1,0.002271096,18.95000076,6.497000217,0.187999994,45.07049939,-61.91510288
196,0,0,557,521,-0.300000012,1.858151555,11,1,1,0.002138633,18.37400055,6.428999901,0.263000011,45.06890745,-61.91335456
197,0,0,437,362,-1.967549324,1.813241124,16,3,1,0.001390655,NA,NA,NA,45.06806351,-61.85912898
199,0,0,357,420,-1.302309036,1.104951739,18,4,3,0.182810619,14.06900024,1.200999975,0.041999999,45.0656524,-61.83872607
200,0,0,508,456,0.452972442,0.566177547,18,5,3,0.217321336,14.19400024,1.177999973,0.055,45.06492709,-61.8294046
201,0,0,77,117,-5.140047073,1.652167559,12,2,3,0.220412776,12.94699955,0.768999994,0.082000002,45.06481264,-61.8182925
204,0,0,170,203,-4.253579617,0.686397612,13,0,1,0.195776209,13.50699997,0.994000018,0.037999999,45.06221449,-61.84146303
206,0,0,741,725,-0.300000012,0,13,1,1,0.021453789,16.91200066,6.03399992,0.259000003,45.06160716,-61.90771368
207,0,0,243,194,-6.300000191,0.97620666,7,-4,1,0.034788087,17.01399994,6.413000107,0.27700001,45.06131763,-61.9103865
208,0,0,119,275,-1.093503952,3.069453716,15,9,3,0.22866182,12.38000011,0.629000008,0.067000002,45.06007849,-61.81750095
209,0,0,254,341,-2.87872529,0.725677371,14,1,1,0.157343134,13.47099972,0.949999988,0.041000001,45.05880348,-61.84686629
210,0,0,197,145,-6.699999809,2.306234598,7,-4,1,0.03613615,16.56200027,5.875,0.333000004,45.05845284,-61.90732922
211,0,0,77,135,-8.069396973,0.368119389,9,0,1,0.265584379,12.41300011,0.791999996,0.046,45.05651742,-61.838911
212,0,0,379,166,-5,2.885597467,12,-1,NA,0.052578773,NA,NA,NA,45.05428093,-61.89940774
213,0,0,76,111,-7.469826698,1.080294013,9,0,2,0.225605875,12.59899998,0.787,0.045000002,45.0533945,-61.84164114
214,0,0,726,727,-1.600000024,0.449363589,14,1,NA,0.017092485,NA,NA,NA,45.05244643,-61.9052212
216,0,0,654,606,-1.5,0.836686015,16,2,NA,0.079381131,NA,NA,NA,45.05142015,-61.89679578
218,0,0,586,549,-3.5,0.692916334,14,0,1,0.076307565,15.34500027,4.978000164,0.204999998,45.04986227,-61.89860357
219,0,0,129,254,-0.576450467,1.737816095,18,9,3,0.380080283,12.74800014,0.875,0.082000002,45.04771548,-61.84086689
220,0,0,516,402,-3.400000095,0.401306182,14,0,1,0.103409603,15.02600002,4.368999958,0.215000004,45.04794219,-61.8955293
221,0,0,390,302,-4.699999809,0.488129437,13,0,1,0.131728292,14.29399967,3.236000061,0.149000004,45.04791207,-61.89241875
222,0,0,336,239,-4.699999809,0.822238266,13,0,2,0.132287845,14.125,2.619999886,0.108999997,45.04725184,-61.8893204
223,0,0,169,230,-2.734080553,1.536864042,15,3,3,0.179346994,13.97700024,1.531000018,0.061000001,45.04592245,-61.88223523
224,0,0,373,294,-3.599999905,0.919689298,14,0,1,0.132167801,13.94499969,2.670000076,0.116999999,45.04569409,-61.89112827
225,0,0,76,133,-4.782674789,1.165826797,12,0,1,0.243818209,12.83500004,1.220999956,0.048,45.04366947,-61.87739055
226,0,0,116,167,-8.199999809,0.362979233,11,0,1,0.161787927,13.13799953,1.307000041,0.066,45.04248346,-61.88496863
227,0,0,69,121,-8.295455933,0.437489361,10,0,1,0.274808615,12.76000023,1.17900002,0.046999998,45.04204191,-61.87208957
228,0,0,257,150,-5.400000095,1.24214077,13,0,1,0.127804786,13.95300007,1.881000042,0.064000003,45.04193126,-61.89297857
229,0,0,55,82,-5.759699821,2.281893969,12,3,3,0.395578921,12.63199997,0.964999974,0.097000003,45.041123,-61.843222
230,0,0,102,147,-9.899999619,0.067577444,10,0,1,0.186243087,12.59000015,1.06400001,0.056000002,45.03932038,-61.88369693
231,0,0,131,161,-2.009876251,2.543794394,18,8,3,0.334102124,13.27799988,1.152999997,0.071000002,45.03812944,-61.85883531
232,0,0,153,122,-6.906905174,2.697878122,7,0,1,0.004420383,13.52700043,0.80400002,0.037,44.96614121,-62.08705302
233,0,0,135,104,-7.453449726,2.686188221,4,-2,1,0.002532673,13.39400005,1.143000007,0.044,44.96162982,-62.15591047
237,0,0,451,352,-1.885036111,3.213572025,13,4,1,0.002120206,13.74300003,0.947000027,0.026000001,44.94570236,-62.1752212
238,0,0,482,494,-1.983483434,1.297016263,12,1,3,0.025052361,14.57400036,1.30400002,0.052999999,44.94493396,-62.20007668
239,0,0,175,139,-6.052065372,2.163769007,9,-1,2,0.014792068,14.73200035,1.399999976,0.061999999,44.94421304,-62.18722096
241,0,0,190,110,-7.847981453,4.047118664,7,-3,1,0.004859501,13.86699963,1.116999984,0.063000001,44.94145919,-62.19879406
243,0,0,92,260,-1.338969231,1.33306241,19,8,3,0.292818487,11.35599995,1.177999973,0.066,44.93129039,-62.06321031
244,0,0,164,200,-4.559585571,1.567684889,11,3,3,0.069331996,12.43599987,0.742999971,0.064999998,44.93155891,-62.13727851
245,0,0,180,141,-9.981422424,1.286154509,8,-3,1,0.056515455,13.04199982,0.898999989,0.097999997,44.93113973,-62.16567167
246,0,0,576,610,-1.675012589,0.137503937,11,0,1,0.004029197,14.86999989,1.707999945,0.029999999,44.92465832,-62.27796979
247,0,0,447,643,-0.497272104,0.266190708,13,1,1,0.001525993,15.53800011,2.095000029,0.030999999,44.92336719,-62.27310763
249,0,0,95,138,-5.7654953,0.676636398,10,4,3,0.239728332,11.55799961,0.842999995,0.082000002,44.92199469,-62.2088211
251,0,0,431,352,-1.524000049,2.529357195,13,1,1,0.001857343,17.14299965,1.832000017,0.041000001,44.91367674,-62.33752436
252,0,0,479,531,-1.524000049,0.495873928,14,0,1,0.001595611,19.07099915,2.690999985,0.044,44.91265627,-62.3246774
253,0,0,484,676,-1.524000049,0.212327793,10,-1,1,0.03091844,15.80300045,1.386000037,0.052999999,44.91244727,-62.3428593
254,0,0,450,439,-1.828799963,1.9919734,15,1,1,0.001061194,17.48900032,2.773000002,0.075000003,44.90920903,-62.32782141
255,0,0,58,88,-3.793013096,3.163925171,19,26,3,0.476610035,8.972999573,0.550999999,0.093999997,44.90709825,-62.07158385
256,0,0,191,249,-5.596570969,0.208115786,10,-2,1,0.084167175,12.64299965,1.123999953,0.046999998,44.90656139,-62.30657117
257,0,0,473,634,-1.524000049,0.029540259,11,0,1,0.002922922,14.82499981,1.131000042,0.066,44.90426102,-62.34383925
258,0,0,629,601,-3.657599926,0.314495504,14,1,1,0.04525112,15.0710001,1.988000035,0.07,44.90421232,-62.33541638
259,0,0,523,516,-1.828799963,0.877612174,14,0,1,0.003054881,15.78800011,2.529000044,0.066,44.90321523,-62.32656127
260,0,0,414,576,-0.973116338,1.674658418,13,0,1,0.018916445,14.6239996,1.590999961,0.088,44.90267045,-62.34119739
261,0,0,565,539,-2.133599997,0.549812198,14,0,1,0.004847081,14.27000046,2.380000114,0.082000002,44.90041619,-62.33280027
262,0,0,568,620,-1.524000049,0.395071536,15,1,2,0.024530359,13.70300007,2.214999914,0.100000001,44.89788541,-62.33105638
263,0,0,NA,NA,-1.676399946,1.530163407,16,2,1,NA,13.62800026,2.280999899,0.128000006,44.89692203,-62.32796457
264,0,0,279,363,-2.267275572,2.438042164,9,3,3,0.067849949,12.34799957,0.922999978,0.045000002,44.89331357,-62.41665746
265,0,0,154,118,-8.232222557,5.674665928,4,1,3,0.043413945,10.76900005,0.760999978,0.054000001,44.89160409,-62.39096675
266,0,0,54,87,-3.972642899,1.835681558,16,3,0,0.515502393,12.28600025,0.681999981,0.088,44.88975501,-62.19419352
267,0,0,157,215,-6.427785873,0.262437463,10,-2,1,0.103763215,12.20899963,1.027999997,0.066,44.88753,-62.33826777
268,0,0,217,264,-3.279249907,0.636139393,17,6,0,0.206500933,12.37199974,1.055999994,0.067000002,44.88586644,-62.32321815
269,0,0,69,85,-7.164007664,4.025569916,16,10,3,0.28744939,10.77099991,0.686999977,0.068999998,44.88291106,-62.30330995
270,0,0,353,416,-2.608769417,0.437634319,15,5,3,0.141226411,11.87300014,0.758000016,0.075000003,44.88184619,-62.3361171
271,0,0,91,117,-5.914061069,0.223760352,18,6,3,0.480396867,11.04500008,0.552999973,0.079000004,44.88023658,-62.27852562
272,0,0,367,344,-1.796449304,3.474280596,8,8,3,0.005199446,11.39799976,1.026000023,0.046999998,44.88007414,-62.48060524
273,0,0,51,81,-5.32427597,4.628820419,14,5,3,0.38306281,11.29699993,0.816999972,0.082000002,44.87873629,-62.29050921
274,0,0,176,167,-4.268663406,2.720640659,6,6,2,0.005649485,11.90200043,1.157999992,0.039000001,44.87471205,-62.47932414
275,0,0,66,271,-1.15079999,7.146867275,12,2,0,0.224061489,11.57400036,0.615999997,0.082999997,44.86953588,-62.33227099
276,0,0,77,113,-6.934673786,1.460284352,8,5,3,0.172475278,11.40200043,0.791999996,0.071999997,44.86705791,-62.39654228
277,0,0,548,629,-1.156930447,0.421187699,13,3,2,0.005475774,12.21199989,1.018000007,0.035,44.86656963,-62.42401642
278,0,0,444,626,-1.024032354,0.315817982,13,1,1,0.001770776,14.47500038,3,0.071999997,44.85788529,-62.4520109
279,0,0,417,558,-1.028617978,0.644827485,13,0,1,0.001502982,15.56999969,3.21600008,0.086999997,44.85727634,-62.45644645
280,0,0,290,289,-3.442226887,2.614219904,11,0,1,0.03408955,12.79399967,2.075000048,0.052999999,44.85627361,-62.44449569
281,0,0,492,632,-1.18330574,0.277266085,9,2,1,0.002978325,14.9119997,1.86500001,0.026000001,44.8548386,-62.54771895
282,0,0,352,450,-1.884638906,1.098790526,9,0,2,0.002573867,14.92500019,2.072000027,0.024,44.85451121,-62.54462082
283,0,0,434,652,-0.71564585,0.95871532,13,0,2,0.002224213,14.75800037,2.786000013,0.082999997,44.85383166,-62.46090837
284,0,0,221,180,-4.03240633,2.225597382,13,2,2,0.124005765,11.83500004,1.070000052,0.063000001,44.85216053,-62.44099173
285,0,0,137,174,-8.262196541,0.410661668,8,-1,1,0.113746867,11.4630003,0.927999973,0.064999998,44.84995293,-62.44057016
286,0,0,69,91,-6.860845566,4.609451294,8,0,3,0.226419434,11.35000038,0.623000026,0.067000002,44.84969917,-62.39096562
287,0,0,519,722,-0.649036944,0.246817186,10,3,1,0.002844145,14.16399956,1.70599997,0.028999999,44.84978699,-62.54510097
288,0,0,450,449,0.46951738,0.59522146,12,3,1,0.000874332,13.96399975,1.791000009,0.024,44.84599026,-62.54114483
289,0,0,242,190,-3.434704781,3.639762163,10,5,1,0.001630747,11.97799969,0.852999985,0.046,44.84183108,-62.52567777
291,0,0,61,92,-4.276100159,6.643687248,14,3,0,0.364954263,11.29300022,1.031999946,0.093000002,44.83882422,-62.42030739
292,0,0,416,573,-0.591071367,0.906699717,11,2,1,0.00083864,16.2140007,2.299999952,0.029999999,44.83867315,-62.60674252
293,0,0,182,178,-8.870977402,0.687960684,2,-2,1,0.059907168,12.07999992,1.223999977,0.039000001,44.83271848,-62.6160816
294,0,0,208,195,-3.684324026,1.32438457,17,6,3,0.16241692,11.35000038,1.034000039,0.059,44.83172667,-62.45048772
295,0,0,135,115,-7.991729736,3.41445446,3,0,1,0.071405888,12.33399963,1.177999973,0.034000002,44.83178069,-62.61830174
296,0,0,NA,NA,-4.271999836,NA,17,10,0,0.184835136,11.29300022,0.70599997,0.037999999,44.82162975,-62.51698934
298,0,0,54,73,-6.510389805,2.325051069,13,11,3,0.520447969,10.46500015,0.637000024,0.064000003,44.81150604,-62.50733605
301,0,0,429,489,-1.465496659,0.664407969,13,0,1,0.001455621,14.13500023,1.167999983,0.057999998,44.80697161,-62.64369317
302,0,0,151,145,-4.494336605,2.100661516,15,0,3,0.155802146,12.78899956,1.144000053,0.104999997,44.80473768,-62.54678288
303,0,0,316,405,-1.482484221,1.739255786,12,0,1,0.001631753,13.84300041,0.964999974,0.118000001,44.8044455,-62.64193842
304,0,0,437,448,-1.818633556,0.703689575,13,1,1,0.001102364,13.79399967,1.116999984,0.064000003,44.80226333,-62.64947538
305,0,0,183,210,-3.320626497,0.6913082,15,0,2,0.186621711,12.58899975,1.235000014,0.052999999,44.8015975,-62.54946277
306,0,0,59,81,-7.075592518,2.327304602,14,4,2,0.368462473,11.56499958,1.407999992,0.041999999,44.79723813,-62.56277224
307,0,0,414,246,-4.34060955,1.587551951,12,1,3,0.030982999,13.99499989,1.366000056,0.07,44.79448108,-62.68182479
310,0,0,185,158,-2.349218369,8.074457169,19,16,0,0.264363945,10.06900024,1.335999966,0.050999999,44.78138106,-62.62217315
311,0,0,147,120,-9.545036316,3.224961042,7,1,3,0.034839816,10.64799976,1.40199995,0.039999999,44.78037131,-62.70756087
312,0,0,136,176,-6.734967232,0.449533761,11,-1,1,0.1223066,11.19299984,0.967999995,0.083999999,44.77775461,-62.67218453
314,0,0,185,154,-5.057378292,2.741820812,8,3,3,0.017612245,10.57600021,0.883000016,0.055,44.77636245,-62.74385453
316,0,0,532,342,-2.50545001,2.047018766,12,3,2,0.002865719,13.07499981,1.309999943,0.155000001,44.77324067,-62.75713837
319,0,0,284,254,-4.922655582,0.057970699,-1,0,1,0.003901636,16.88699913,0.709999979,0.034000002,44.76971362,-63.03138414
320,0,0,136,118,-5.169875145,5.445517063,11,9,0,0.12567766,10.41499996,0.851999998,0.063000001,44.76811763,-62.72133388
321,0,0,122,152,-4.631537914,2.4697752,10,7,2,0.10593012,10.40100002,0.847000003,0.043000001,44.76622933,-62.72222752
322,0,0,251,184,-10.72476196,0.067696504,1,0,1,0.011468626,11.16100025,0.972000003,0.079999998,44.76543906,-62.79564903
323,0,0,322,201,-4.167825699,1.268294215,0,0,1,0.004321363,16.54700089,0.694999993,0.059999999,44.76404319,-63.02740069
325,0,0,152,201,-4.663897038,1.212717295,6,0,1,0.005208494,11.82499981,1.085000038,0.071000002,44.75754345,-62.78550591
326,0,0,508,221,-5.249647141,3.223941565,13,3,1,0.003694355,12.93400002,1.039000034,0.054000001,44.75680953,-62.73598115
327,0,0,369,148,-4.611719131,4.367881298,13,0,1,0.00230111,13.43000031,1.215000033,0.027000001,44.75616385,-62.72935102
328,0,0,497,269,-3.056835413,2.792854071,13,3,2,0.002562886,12.72799969,1.425999999,0.089000002,44.75409225,-62.79347807
332,0,0,404,495,-1.862555623,0.851291895,4,1,1,0.005074814,14.64700031,2.684999943,0.125,44.74419194,-63.03181245
334,0,0,70,132,-3.249593258,2.133253098,14,9,3,0.299685657,10.44099998,0.966000021,0.071999997,44.74164898,-62.72057687
335,0,0,475,600,-0.400000006,0.415081292,5,1,1,0.00069924,20.88699913,3.194999933,0.270999998,44.73972007,-63.12199417
338,0,0,477,622,-0.787989557,0.181516841,5,0,0,0.000606376,20.75200081,3.845999956,0.365999997,44.73783285,-63.11889575
340,0,0,372,540,-1.547171712,0.804677546,6,0,1,0.002442983,15.96899986,1.830000043,0.122000001,44.73473973,-63.03092318
343,0,0,178,203,-8.215680122,0.178245768,7,0,1,0.101440996,10.54300022,0.92900002,0.059,44.73238526,-62.81300437
344,0,0,NA,NA,-1.861958027,0.740296245,18,6,1,NA,12.4460001,1.171000004,0.048,44.73200508,-62.77675991
345,0,0,521,575,-0.899874568,1.387684822,10,3,1,0.002796441,15.50899982,3.223999977,0.30399999,44.73064612,-63.01987074
348,0,0,629,700,-0.699999988,0.460001022,7,1,1,0.002498039,19.30900002,5.951000214,0.256999999,44.72902441,-63.10473377
353,0,0,410,461,-1.731209874,0.837304711,15,4,3,0.001297513,11.9090004,1.128000021,0.035,44.72609079,-62.81744441
354,0,0,473,530,-1.19783783,0.939942062,12,3,1,0.002072274,14.62300014,4.632999897,0.458000004,44.72592089,-63.01279754
355,0,0,249,417,-1.599612951,0.985154092,14,4,1,0.16704616,11.56200027,1.440999985,0.085000001,44.72590158,-62.93235825
360,0,0,267,458,-1.577726841,0.536633849,15,1,1,0.215488166,12.41899967,1.58099997,0.068999998,44.72303577,-62.89302785
366,0,0,85,132,-3.878993988,2.020292282,13,5,3,0.259214997,10.69699955,1.215000033,0.075999998,44.7199015,-62.91247847
368,0,0,612,633,-0.899999976,0.162694782,9,0,1,0.001541509,18.7140007,5.06799984,0.170000002,44.71924886,-63.11311268
369,0,0,625,622,0,0.582878411,10,2,3,0.002782667,18.06699944,6.830999851,1.485000014,44.71926646,-63.09366808
370,0,0,628,698,-1,0.164508134,9,0,1,0.002222099,18.32099915,6.221000195,0.298999995,44.7186234,-63.10825036
371,0,0,NA,NA,0,NA,9,0,0,0.000956551,19.69099998,3.654000044,0.151999995,44.71829165,-63.12460064
372,0,0,589,618,-0.100000001,0.089427277,9,0,1,0.001568065,19.96500015,3.640000105,0.151999995,44.71765708,-63.12857648
373,0,0,619,593,-0.239525497,1.842050433,19,1,1,0.044345096,14.63199997,2.937999964,0.046,44.71726425,-62.81482071
374,0,0,535,625,0,0,10,0,0,0.000511924,18.56900024,3.938999891,0.086999997,44.71703466,-63.12150459
375,0,0,61,88,-5.228292465,1.508031845,14,12,3,0.408140749,9.592000008,1.069000006,0.085000001,44.71624933,-62.7759367
377,0,0,NA,NA,0,NA,9,0,1,NA,19.96500015,3.640000105,0.151999995,44.71607865,-63.13122438
378,0,0,700,753,-0.5,0.354315132,11,2,1,0.032286711,16.97400093,6.760000229,0.51700002,44.7151763,-63.08614931
379,0,0,753,733,-0.169873714,0.277271569,19,1,1,0.055017252,14.63199997,2.937999964,0.046,44.71474288,-62.81438686
382,0,0,468,606,-0.899999976,0.219597027,10,0,1,0.000580946,18.19799995,4.131999969,0.196999997,44.71357824,-63.11221788
392,0,0,480,545,0,0.622909606,21,1,2,0.000465211,13.09200001,1.565000057,0.207000002,44.71005911,-62.84268046
393,0,0,144,248,-1.845993996,1.540143967,16,5,1,0.231561869,11.43400002,1.337000012,0.082999997,44.70984887,-62.97170177
394,0,0,474,571,-1.734117508,0.089685835,14,3,1,0.126883253,12.61800003,3.463000059,0.356000006,44.7095371,-63.00660803
398,0,0,NA,NA,-2.361754894,4.007771969,20,10,3,NA,10.0880003,1.210000038,0.092,44.70885326,-62.88907737
414,0,0,610,525,-3.300977945,0.213734552,18,0,1,0.075345054,12.62899971,1.480000019,0.209999993,44.70439004,-62.84446305
421,0,0,68,102,-5.884985447,2.359621048,14,7,3,0.229082927,9.975999832,1.110999942,0.104000002,44.70179522,-62.7971984
425,0,0,550,613,-1.605963349,0.399864167,9,0,0,0.084380537,15.63000011,6.578999996,0.25999999,44.7002659,-63.17492477
433,0,0,167,154,-3.460343599,3.359582901,19,7,3,0.190340117,10.38799953,1.190999985,0.135000005,44.69897633,-62.80692717
441,0,0,714,754,-0.410529256,0.666885674,23,2,1,0.029374421,13.17000008,1.409000039,0.213,44.6955653,-62.8427197
451,0,0,272,252,-2.974740744,1.72290647,23,13,3,0.127995461,10.07800007,1.139000058,0.125,44.69309952,-62.88954917
452,0,0,119,146,-4.184948921,2.106273413,20,6,3,0.18746148,10.76599979,1.332000017,0.101999998,44.69275034,-62.85862931
454,0,0,659,666,-0.01,0.011954269,14,1,1,0.00263738,13.24400043,5.117000103,0.245000005,44.69153035,-63.10378275
455,0,0,642,679,0,0.004081539,14,1,1,0.002487531,12.87199974,4.650000095,0.333000004,44.69090563,-63.09759773
457,0,0,411,177,-5.082799911,3.989276171,21,10,0,0.043190945,10.00500011,0.815999985,0.064999998,44.68999846,-62.97126974
459,0,0,303,406,-1.432213664,1.441141367,10,2,2,0.150493592,13.15400028,3.90899992,0.208000004,44.68798566,-63.16958758
462,0,0,NA,NA,-4.500623226,1.954018354,23,16,2,NA,9.550000191,1.052000046,0.128000006,44.68584867,-62.88558793
463,0,0,NA,NA,-4.5625,3.721085548,25,13,0,NA,10.09399986,1.550999999,0.100000001,44.6858043,-62.84760448
464,0,0,53,74,-6.024008274,2.308823586,18,15,3,0.520622492,8.899999619,0.861000001,0.094999999,44.67576508,-62.88472458
467,0,0,649,574,-2.5,0,5,0,1,0.002943974,16.64900017,2.960999966,0.045000002,44.67019678,-63.45345262
473,0,0,629,572,-2.5,0,6,0,1,0.002875513,15.82400036,1.590999961,0.079999998,44.66548982,-63.44855926
474,0,0,646,577,-2.5,0,6,0,1,0.00364703,13.48400021,0.663999975,0.037999999,44.66521417,-63.43840235
475,0,0,581,574,-2.5,0,7,0,1,0.003877047,13.67300034,0.713,0.041000001,44.66428412,-63.43442179
476,0,0,535,538,-2.5,0.07272277,6,0,1,0.002682997,15.48799992,1.157999992,0.046999998,44.66361145,-63.44545428
479,0,0,472,391,-3.263153553,0.655644596,7,0,1,0.003046472,15.28899956,0.947000027,0.046,44.66113167,-63.43483973
480,0,0,551,521,-2.513443947,0.282266289,8,0,1,0.003316202,15.15600014,1.019000053,0.041999999,44.65956467,-63.43262067
481,0,0,532,511,-2.521659851,0.372742265,8,0,1,0.003181473,14.41100025,0.995999992,0.041000001,44.65767921,-63.43128229
482,0,0,510,531,-2.530500889,0.101042882,9,0,1,0.003217363,14.69099998,1.251000047,0.057999998,44.65708042,-63.42289028
483,0,0,392,430,-2.719051361,0.56832993,9,0,1,0.002008235,15.40699959,1.832000017,0.266000003,44.65677512,-63.42023937
484,0,0,566,541,-2.5,0.071118817,8,0,1,0.002795119,15.00599957,1.129999995,0.035999998,44.65579374,-63.42994399
485,0,0,606,563,-2.5,0,9,0,1,0.002689857,15.29699993,1.33099997,0.041000001,44.65549848,-63.42464454
486,0,0,60,86,-2.971213341,2.17315793,19,21,3,0.620004356,7.593999863,1.083999991,0.143000007,44.65026507,-62.90905206
488,0,0,172,197,-5.83827734,4.290891171,28,29,0,0.047943641,8.321000099,0.703000009,0.061000001,44.5958449,-63.96089051
489,0,0,NA,NA,-3.427357197,5.792483807,34,23,0,NA,9.088999748,0.81099999,0.028999999,44.57992682,-64.05100573
492,0,0,137,266,-6.161605835,1.728978515,33,10,0,0.151643559,9.961000443,1.036999941,0.092,44.54108207,-63.95338066
493,0,0,298,319,-5.824833393,4.580402851,34,29,0,0.053528987,8.152999878,0.786000013,0.022,44.53738448,-64.01675873
495,0,0,NA,NA,-3.341700077,2.391887188,20,21,0,NA,10.15499973,0.372000009,0.046,44.50368663,-64.26713814
496,0,0,130,162,-5.114699841,5.238694191,16,19,0,0.058642067,9.954000473,0.455000013,0.046999998,44.49362626,-64.17667634
497,0,0,NA,NA,-5.220181465,NA,36,18,0,0.185123086,9.901000023,1.263000011,0.052000001,44.49722801,-63.52342936
498,0,0,NA,NA,-5.930304527,NA,36,29,0,0.160434708,10.09799957,1.491999984,0.027000001,44.48520393,-63.53432563
499,0,0,517,192,-4.713399887,4.301434994,24,18,0,0.014590557,10.68500042,1.208999991,0.078000002,44.47480608,-64.13713155
501,0,0,78,97,-5.110499859,4.962407589,36,18,0,0.376310796,10.11999989,1.574000001,0.068999998,44.47758365,-63.54657874
502,0,0,392,540,-1.904000044,1.43550384,36,7,0,0.08484026,10.2869997,1.424000025,0.048,44.47360854,-63.58570743
503,0,0,447,295,-2.019515991,2.358946562,39,4,1,0.001624791,12.9119997,1.29400003,0.075999998,44.45953857,-63.73075331
504,0,0,431,296,-3.640675306,1.617608905,37,2,2,0.001687357,14,1.396000028,0.064000003,44.45924316,-63.72766993
505,0,0,456,308,-1.236047029,1.896009684,39,3,2,0.001193762,14.99800014,1.707000017,0.039999999,44.45894767,-63.72458657
506,0,0,538,257,-3.464939833,2.94775486,38,3,3,0.003677365,11.75800037,1.19599998,0.071999997,44.45793215,-63.73557269
507,0,0,NA,NA,-1.687455416,NA,40,5,2,0.080574922,11.58699989,1.345000029,0.072999999,44.45728498,-63.73820422
508,0,0,531,370,-0.059736013,2.412579298,40,4,2,0.100476712,12.00399971,1.523000002,0.018999999,44.4570795,-63.72104394
509,0,0,NA,NA,-1.778581619,NA,40,7,2,0.113751061,11.41600037,1.557999969,0.07,44.45632267,-63.7408317
510,0,0,361,223,-4.23390007,7.58438015,28,8,0,0.002977435,10.05099964,1.095999956,0.079000004,44.45586869,-63.66075841
511,0,0,360,122,-5.083210468,6.968214035,37,1,2,0.001131259,11.99100018,1.355999947,0.061999999,44.4550965,-63.73553709
513,0,0,345,338,-0.139562309,1.576188326,40,6,2,0.148382455,11.05799961,1.279999971,0.035999998,44.45425771,-63.71880962
514,0,0,418,217,-4.045062065,3.929409742,38,3,2,0.029984951,12.06700039,1.353999972,0.068000004,44.45320607,-63.73551336
515,0,0,351,281,-2.929719448,1.360844851,38,3,2,0.121399969,11.06000042,1.256000042,0.061000001,44.45204943,-63.71922244
517,0,0,404,275,-2.360963821,2.576372862,39,2,2,0.104507573,12.19099998,1.875,0.166999996,44.45045464,-63.7222821
518,0,0,NA,NA,-0.932894349,NA,41,9,1,NA,10.86200047,1.389999986,0.071999997,44.44942521,-63.73546591
519,0,0,314,420,-3.594875097,10.14277077,34,3,0,0.003763595,10.19699955,1.069000006,0.071000002,44.44956471,-63.71347345
520,0,0,NA,NA,-0.642299056,NA,41,4,1,0.000776664,12.68400002,1.468000054,0.125,44.44882612,-63.73061973
521,0,0,NA,NA,-1.548084617,NA,40,2,2,0.000709879,12.91800022,1.934000015,0.282999992,44.44884858,-63.72710098
522,0,0,113,130,-4.358874798,2.804981232,20,11,0,0.204064623,10.68500042,0.814999998,0.101999998,44.44514013,-64.14183402
523,0,0,599,436,-0.256684601,2.422912598,41,4,1,0.030409001,11.79199982,1.549999952,0.082000002,44.44792292,-63.72401039
525,0,0,367,217,-4.004650116,4.508822918,19,10,0,0.012013443,11.08600044,0.967999995,0.107000001,44.4285569,-64.13007822
526,0,0,425,518,-1.164880633,2.319135189,16,14,2,0.040134106,10.69400024,0.66900003,0.039999999,44.41176866,-64.25899709
528,0,0,529,664,0,0.746029258,17,12,2,0.04394687,11.48900032,1.023000002,0.064000003,44.41091052,-64.25106601
529,0,0,NA,NA,-1.821707249,3.028718948,14,17,2,NA,10.52499962,0.592000008,0.034000002,44.41005723,-64.27126879
537,0,0,479,438,-2.362084627,0.493998587,11,5,1,0.001393646,15.93599987,1.286999941,0.054000001,44.40062509,-64.29743544
538,0,0,389,404,-1.66107893,1.221991539,11,2,1,0.000848887,18.60199928,3.003999949,0.086999997,44.3994131,-64.32070249
540,0,0,NA,NA,-1.21914053,NA,15,5,1,0.000781733,16.23699951,2.14199996,0.045000002,44.39958793,-64.27763466
541,0,0,554,528,-1.21914053,0.510254979,15,2,3,0.000882509,14.44200039,3.127000093,0.086999997,44.39970542,-64.26708901
543,0,0,NA,NA,-1.249619007,NA,15,5,1,0.000561475,15.02000046,2.720999956,0.098999999,44.39869193,-64.27322015
545,0,0,93,147,-3.554250002,3.117757082,14,5,0,0.206291586,12.23099995,0.90200001,0.145999998,44.399417,-64.20643084
546,0,0,369,281,-2.118256569,4.400085926,12,3,1,0.001470025,14.85700035,1.480999947,0.083999999,44.39829832,-64.28024358
553,0,0,NA,NA,-1.813471556,1.750447273,15,4,1,NA,13.86699963,2.349999905,0.130999997,44.39496055,-64.26874449
556,0,0,336,271,-2.514477253,2.759481907,11,4,1,0.001175811,15.83600044,1.194000006,0.101000004,44.39091426,-64.29238698
557,0,0,409,294,-2.133495808,3.917162895,13,3,3,0.001448755,14.0170002,2.319000006,0.441000015,44.39114607,-64.27173818
561,0,0,484,525,-1.55440414,0.154909506,10,0,1,0.000834808,20.41399956,2.190999985,0.037,44.38314855,-64.31023086
562,0,0,351,314,-1.950624824,3.396424532,11,0,1,0.001219749,16.7329998,2.012000084,0.072999999,44.38340833,-64.28738855
563,0,0,NA,NA,-1.920146346,NA,12,1,1,0.001178847,19.4829998,2.473999977,0.055,44.382954,-64.29968133
564,0,0,364,366,-1.965864062,1.300760746,10,0,1,0.000819891,19.99799919,2.141000032,0.046,44.38224376,-64.30669566
565,0,0,NA,NA,-1.920146346,1.480282903,11,1,1,NA,18.62400055,2.14199996,0.072999999,44.37947877,-64.30048315
566,0,0,NA,NA,-1.356293797,NA,13,1,1,0.000334755,18.29899979,3.726000071,0.156000003,44.37967749,-64.28291319
567,0,0,335,434,-1.407885551,1.199415445,17,4,3,0.150915965,12.13700008,1.376000047,0.119999997,44.37735088,-64.20729563
568,0,0,379,353,-1.812595963,2.942104578,16,3,2,0.11078801,12.5010004,1.766000032,0.028000001,44.3763779,-64.20991165
569,0,0,NA,NA,-0.321869671,NA,18,3,1,0.001727387,13.7130003,2.450000048,0.143000007,44.37476546,-64.21339302
570,0,0,NA,NA,-0.875266552,3.409065485,17,4,2,NA,12.25899982,1.809000015,0.071999997,44.37449236,-64.20943349
571,0,0,472,512,-1.607811689,0.314504981,16,0,1,0.000770447,14.34799957,1.843999982,0.050000001,44.37407459,-64.21908987
572,0,0,460,630,-0.972197235,1.402339935,18,5,3,0.029616555,12.16100025,1.468000054,0.046,44.37389017,-64.2067852
573,0,0,280,420,-1.017340779,1.620870948,18,6,3,0.157703131,12.31999969,1.296000004,0.166999996,44.37391799,-64.20414988
574,0,0,637,475,-1.593311548,2.398461342,16,0,2,0.008381151,12.75399971,1.968000054,0.063000001,44.37316228,-64.21599577
575,0,0,625,519,-1.688727617,1.088281631,16,1,2,0.005014708,12.88199997,2.131000042,0.109999999,44.3728846,-64.21247556
577,0,0,380,331,-2.747666359,2.587839365,16,3,3,0.075700454,12.14799976,1.452999949,0.066,44.37169886,-64.2054223
578,0,0,281,157,-4.992551804,4.621049404,14,1,3,0.07478638,11.60200024,1.223999977,0.056000002,44.36951679,-64.20318112
579,0,0,NA,NA,-1.220042348,NA,18,4,3,0.032988504,13.09000015,3.098999977,0.090999998,44.36698727,-64.20400786
582,0,0,NA,NA,-0.894524992,2.218449116,18,1,1,NA,14.41499996,2.358999968,0.118000001,44.36407303,-64.21141528
583,0,0,409,302,-4.064952374,1.266751051,19,8,0,0.054715022,10.86600018,1.373999953,0.150999993,44.36437224,-64.18287055
584,0,0,174,189,-4.488398075,1.013925672,15,0,2,0.153378353,11.86200047,1.582000017,0.092,44.36352654,-64.20349773
585,0,0,479,692,-0.440483928,0.705271482,19,3,3,0.113896154,12.02499962,1.572000027,0.088,44.3610109,-64.203007
586,0,0,366,244,-4.386297226,2.009461641,15,-1,3,0.013639937,13.18599987,1.746000051,0.103,44.35941722,-64.20473122
587,0,0,576,597,-2.120669365,0.75051862,17,0,2,0.051157471,13.4090004,1.802999973,0.103,44.35721662,-64.20424693
588,0,0,391,502,-1.299552083,0.831317067,19,2,3,0.189265385,12.60000038,1.916000009,0.162,44.35598423,-64.2015866
589,0,0,363,445,-1.916778326,0.586250246,18,2,3,0.188449353,12.37899971,1.876000047,0.134000003,44.35408941,-64.20198704
590,0,0,358,227,-3.968775034,2.767301798,10,10,0,0.04267893,10.41699982,1.07099998,0.063000001,44.33147388,-64.28230075
591,0,0,NA,NA,-3.72982502,NA,13,13,0,NA,9.241000175,0.888999999,0.093000002,44.32542727,-64.25934342
593,0,0,137,179,-3.678999901,2.451047897,23,4,0,0.167603433,11.44699955,1.536000013,0.103,44.31751323,-64.17402853
594,0,0,393,301,-3.501238108,2.822525978,20,7,0,0.042190708,10.78600025,1.18599999,0.046999998,44.29246948,-64.2476711
595,0,0,329,171,-5.099555492,2.79480958,23,5,0,0.092560604,10.65600014,1.386999965,0.059999999,44.27136231,-64.2472244
597,0,0,430,228,-3.657421589,2.547243834,11,3,3,0.005904207,11.63000011,1.493000031,0.082999997,44.2547547,-64.34990364
598,0,0,253,219,-5.943309784,0.355546445,8,0,1,0.004806346,12.53499985,1.031999946,0.098999999,44.25220342,-64.35247572
599,0,0,385,181,-4.739454746,3.455479383,16,6,0,0.059167866,10.65699959,1.643000007,0.144999996,44.24962561,-64.33049719
602,0,0,553,545,-2.438281059,0.149799928,12,0,1,0.003306717,15.04599953,1.720000029,0.100000001,44.23800704,-64.38020178
603,0,0,127,121,-4.971000195,4.16351366,22,9,0,0.159812912,9.585000038,1.393000007,0.119000003,44.23826969,-64.27632976
604,0,0,302,279,-2.743066072,1.812583208,10,1,1,0.109865747,12.54199982,1.625,0.029999999,44.23359651,-64.40595657
605,0,0,211,212,-5.028954506,0.680938542,9,0,1,0.106526382,12.46199989,1.67900002,0.039999999,44.23116783,-64.39844846
606,0,0,314,260,-6.095702648,0.116353393,13,0,1,0.068248861,10.68700027,1.786999941,0.147,44.2285768,-64.35193448
607,0,0,NA,NA,-4.41938448,NA,18,3,3,0.107083805,10.01900005,1.921000004,0.164000005,44.22580886,-64.34617436
614,0,0,544,562,-2.438281059,0.123999074,19,0,1,0.002998233,14.7489996,2.736000061,0.083999999,44.20979755,-64.3677142
615,0,0,193,162,-4.724169254,5.145845413,15,3,1,0.078680918,10.33600044,1.508999944,0.050000001,44.20823581,-64.39264869
616,0,0,464,363,-2.895458698,3.159590244,20,6,3,0.030623248,10.88899994,1.741999984,0.050000001,44.20287516,-64.39296042
617,0,0,349,313,-3.489789724,0.952680945,19,4,3,0.11214716,10.82499981,1.57099998,0.061999999,44.19018879,-64.39966869
618,0,0,196,284,-2.636391401,1.490681648,21,5,3,0.153700694,10.40799999,1.649999976,0.074000001,44.18450773,-64.40041004
620,0,0,NA,NA,0,NA,6,1,1,0.001225238,20.13199997,3.476000071,0.086999997,44.15962543,-64.59198057
622,0,0,NA,NA,-0.655257165,NA,6,1,1,NA,19.77400017,3.404000044,0.086999997,44.15775985,-64.59017957
623,0,0,NA,NA,0,NA,17,1,1,0.000887821,16.95999908,3.236999989,0.032000002,44.15760437,-64.53239831
625,0,0,527,591,-1.059774637,1.13812387,6,1,0,0.014265144,19.35499954,2.996000051,0.077,44.15553662,-64.59143292
627,0,0,NA,NA,0,1.720207572,17,2,2,NA,16.95999908,3.236999989,0.032000002,44.15571436,-64.53234939
643,0,0,496,513,-2.404920101,0.211678237,4,0,1,0.002671517,17.92399979,2.150000095,0.109999999,44.14783004,-64.60172898
646,0,0,444,464,-1.491729021,0.872286916,5,0,1,0.001345879,18.51300049,2.128999949,0.044,44.14623053,-64.6034362
647,0,0,616,471,-1.392125249,1.711633086,17,0,1,0.002909728,16.80699921,3.803999901,0.077,44.14697631,-64.52599649
649,0,0,513,555,-1.97274065,0.328809321,6,0,1,0.002819688,17.20499992,1.771999955,0.082999997,44.14536525,-64.59772378
653,0,0,414,394,-2.671494961,0.76343292,16,0,2,0.000748237,16.32799911,3.607000113,0.188999996,44.14288711,-64.52545353
654,0,0,562,579,-1.004203916,0.552287936,18,0,1,0.001041238,16.83099937,3.648999929,0.143999994,44.13943376,-64.52448945
655,0,0,NA,NA,-1.101504922,NA,8,1,1,0.000564521,17.61599922,3.984999895,0.171000004,44.13593994,-64.59571937
656,0,0,NA,NA,-0.247431517,NA,9,1,1,0.000486489,17.81500053,4.087999821,0.209999993,44.13434052,-64.59742642
657,0,0,NA,NA,-0.06454277,2.097793102,10,2,2,NA,17.04999924,4.574999809,0.152999997,44.13314163,-64.59301886
658,0,0,469,536,-1.658269882,0.553287029,9,0,0,0.00208965,17.75300026,3.686000109,0.182999998,44.12994285,-64.59643286
660,0,0,94,122,-7.162450314,1.050748944,13,10,3,0.17691718,10.24499989,0.643000007,0.075999998,43.92473861,-64.79192557
661,0,0,179,180,-5.486132145,0.654941142,15,8,3,0.140336856,10.66899967,0.825999975,0.101000004,43.919151,-64.78652641
662,0,0,164,118,-5.486132145,10.31667709,8,4,3,0.103293113,9.836000443,0.535000026,0.059999999,43.91854146,-64.80525383
663,0,0,289,230,-3.657421589,2.540680885,11,7,3,0.066563025,10.39299965,0.693000019,0.039999999,43.91631922,-64.82611121
665,0,0,277,165,-4.571776867,1.623359203,17,10,3,0.123028919,10.4829998,0.744000018,0.054000001,43.91450187,-64.80164434
667,0,0,426,386,-2.934999943,1.433845878,20,6,0,0.072834857,12.47399998,1.746999979,0.096000001,43.90542802,-64.77739882
669,0,0,51,68,-10.66747952,5.055151939,12,8,3,0.32907784,10.04899979,1.136999965,0.045000002,43.90419665,-64.75513428
670,0,0,289,173,-4.571776867,2.392792463,13,5,1,0.004792792,11.01900005,0.824999988,0.027000001,43.89710965,-64.80547757
671,0,0,97,112,-6.552880287,1.9234761,14,1,1,0.160419717,10.88700008,1.174000025,0.135000005,43.89653404,-64.7819278
676,0,0,584,609,-1.143912435,0.816351712,4,0,1,0.003434399,22.67099953,3.038000107,0.105999999,43.87275481,-64.90798162
682,0,0,761,733,-0.460776567,0.135947615,8,1,1,0.003977562,21.05800056,3.282999992,0.246000007,43.8679329,-64.89476049
685,0,0,584,591,-2.636391401,0.063258246,8,0,1,0.030131271,19.80500031,3.868000031,0.147,43.86146283,-64.88584494
686,0,0,74,83,-5.18134737,1.474773407,15,7,3,0.471701205,11.94799995,1.430999994,0.130999997,43.86242137,-64.7870086
687,0,0,100,97,-5.028954506,3.330583096,15,2,3,0.289107412,12.61699963,1.86500001,0.077,43.86159325,-64.79961423
689,0,0,55,76,-6.095702648,2.04258275,12,5,3,0.459088176,11.31599998,1.180999994,0.078000002,43.85820384,-64.7947217
693,0,0,618,507,-3.306918621,0.203563869,11,0,1,0.055864312,17.11700058,4.284999847,0.155000001,43.84988823,-64.88069019
696,0,0,88,100,-4.41938448,1.885481596,16,6,3,0.365728915,11.51000023,1.088000059,0.064999998,43.84887059,-64.8070694
697,0,0,176,130,-4.086789608,1.73956275,18,8,0,0.26071471,11.56900024,1.103000045,0.079999998,43.8469532,-64.80875319
701,0,0,578,572,-2.133495808,0.087721325,7,0,1,0.002867941,19.48800087,4.375,0.182999998,43.84166942,-64.9387733
702,0,0,104,108,-4.571776867,1.826483369,16,3,1,0.304636627,13.15200043,1.588000059,0.071000002,43.84291746,-64.82474078
704,0,0,60,76,-6.095702648,2.996720314,14,6,3,0.44698441,11.3210001,1.269000053,0.135000005,43.84093422,-64.81074818
705,0,0,476,511,-1.462968588,0.957818687,7,1,1,0.002202428,20.04700089,4.195000172,0.268000007,43.83773459,-64.94778829
708,0,0,236,213,-5.62328577,0.051788393,13,0,1,0.135243148,13.62899971,2.838000059,0.127000004,43.83685972,-64.86809103
711,0,0,55,82,-4.266991615,4.058030128,7,5,3,0.486189336,10.42199993,0.889999986,0.090999998,43.83202516,-64.81613779
712,0,0,95,166,-6.888144016,0.272306293,11,-1,1,0.194325045,13.06499958,2.46600008,0.128000006,43.83083981,-64.87007971
718,0,0,69,109,-7.116732597,1.063377976,11,1,3,0.246368334,12.8380003,1.465999961,0.078000002,43.82068967,-64.87411507
721,0,0,61,76,-10.54556561,4.111134529,9,0,3,0.245571077,12.22900009,1.383000016,0.071999997,43.81844923,-64.87622104
723,0,0,123,186,-4.526059151,0.257196724,16,2,3,0.301709443,14.25500011,1.603999972,0.093000002,43.81759386,-64.85138734
725,0,0,266,193,-5.790917397,1.019981623,12,-1,1,0.053638346,14.70400047,4.823999882,0.333000004,43.81098071,-64.92733607
726,0,0,70,94,-6.491923332,3.09808445,13,3,3,0.23134166,13.57400036,1.215000033,0.037,43.80978769,-64.88552313
730,0,0,73,93,-5.089911461,2.412039518,16,6,3,0.33474192,13.93000031,1.261000037,0.052000001,43.80446202,-64.8836151
731,0,0,241,208,-5.638525009,0.371795326,12,0,1,0.118921742,14.12300014,4.074999809,0.194000006,43.80348042,-64.92361399
732,0,0,575,599,-1.676318169,0.400574982,17,4,3,0.090469494,15.07499981,3.506000042,0.246999994,43.80061652,-64.9252624
733,0,0,131,172,-6.705272675,0.133112416,12,0,1,0.168868348,13.61200047,2.84100008,0.194999993,43.80072626,-64.91873964
734,0,0,108,103,-4.876562119,5.758039951,15,2,3,0.232729733,13.83600044,2.621999979,0.137999997,43.7955992,-64.92379611
735,0,0,81,90,-4.687600136,1.403465748,19,7,0,0.451526254,14.90999985,1.69599998,0.159999996,43.79623711,-64.88553189
736,0,0,80,129,-8.076806068,0.513830721,11,0,1,0.228714719,12.71100044,1.945000052,0.128000006,43.79444172,-64.9176684
737,0,0,59,85,-8.838768959,2.346959352,12,0,3,0.267576158,12.97999954,1.684000015,0.103,43.79291068,-64.91500925
738,0,0,88,96,-4.577199936,2.161133051,18,3,0,0.362199217,14.28999996,1.35800004,0.044,43.7918615,-64.90236011
739,0,0,105,126,-3.809813976,2.442680359,17,4,3,0.277120203,14.83199978,1.896999955,0.097000003,43.79137959,-64.91235024
740,0,0,387,405,-3.200243711,0.392941266,4,0,1,0.002427735,19.27499962,1.386000037,0.039999999,43.73725192,-65.37827992
741,0,0,253,183,-3.425348282,2.611697674,21,5,0,0.158264622,14.7840004,1.264999986,0.094999999,43.74124249,-64.969866
744,0,0,457,475,-2.590673685,0.830357254,5,5,3,0.021578195,16.61499977,1.184000015,0.086999997,43.68828191,-65.33856198
745,0,0,251,222,-3.074249983,2.727899313,14,8,0,0.109334685,13.55900002,1.167000055,0.052000001,43.6873287,-65.17958584
746,0,0,348,249,-5.028954506,0.888041019,6,1,1,0.035645071,15.57699966,1.363999963,0.119999997,43.6798293,-65.30479971
747,0,0,260,181,-4.876562119,2.024412155,9,4,1,0.061756421,15.47799969,1.598999977,0.147,43.67398628,-65.29762935
748,0,0,296,268,-5.638525009,0.355264664,6,0,1,0.027174797,15.92700005,1.184999943,0.055,43.65894882,-65.32440096
749,0,0,378,202,-5.028954506,1.423202872,17,10,3,0.069984175,14.35400009,2.47300005,0.123999998,43.64999203,-65.28412829
754,0,0,339,218,-5.028954506,0.477702141,13,0,1,0.117326736,15.36499977,1.256000042,0.082000002,43.62776659,-65.3236322
756,0,0,95,146,-9.448338509,0.062447824,11,0,1,0.201132104,13.87100029,1.047999978,0.085000001,43.61888108,-65.31114438
757,0,0,82,130,-8.991161346,0.489161789,12,0,1,0.207099587,14.32400036,0.975000024,0.086999997,43.612321,-65.30829071
758,0,0,320,250,-3.962206602,0.574070394,17,1,3,0.178035021,15.38000011,1.228999972,0.101000004,43.6096089,-65.3177283
759,0,0,399,356,-2.285888433,1.152501464,2,1,1,0.002470654,19,1.184999943,0.034000002,43.58565382,-65.45380244
760,0,0,524,518,-2.743066072,0.163809389,3,1,1,0.014489745,19.03300095,1.383000016,0.056000002,43.58179173,-65.42806919
761,0,0,580,550,-2.743066072,0.086155713,2,0,1,0.041271631,NA,NA,NA,43.55959002,-65.57841114
762,0,0,359,310,-2.590673685,3.566935778,6,4,3,0.027279612,17.09300041,1.149999976,0.090999998,43.56252711,-65.41516087
763,0,0,430,285,-5.028954506,0.147807419,2,1,1,0.024334939,17.20800018,0.874000013,0.082000002,43.56180797,-65.43419966
764,0,0,436,299,-2.743066072,2.74034667,4,2,1,0.022607528,17.8010006,0.958999991,0.07,43.5610582,-65.43980297
766,0,0,222,230,-6.705272675,0.360783786,1,0,1,0.025452554,16.33499908,1.06400001,0.089000002,43.55129592,-65.42467746
767,0,0,441,313,-4.114599228,0.169526145,1,0,1,0.101122655,NA,NA,NA,43.54622793,-65.57004285
768,0,0,420,584,-1.066747904,1.896555781,16,1,3,0.040504239,16.04999924,1.299999952,0.119999997,43.54608893,-65.37247974
770,0,0,150,485,-2.590673685,0.246536493,10,-2,1,0.119519986,15.04399967,1.213000059,0.172000006,43.53357456,-65.38325075
771,0,0,381,594,-1.21914053,0.454625905,14,3,1,0.112202279,14.99300003,1.355000019,0.148000002,43.53122581,-65.39008835
773,0,0,115,328,-2.743066072,1.290554523,10,-1,1,0.110723414,14.50500011,0.94599998,0.097999997,43.52705093,-65.39382135
774,0,0,164,529,-1.828710794,0.457006514,12,0,1,0.118527912,14.62699986,0.94599998,0.100000001,43.52519793,-65.39201567
779,0,0,162,522,-2.255409956,0.115107179,14,0,1,0.138852268,14.29599953,0.787999988,0.094999999,43.51612088,-65.38905873
781,0,0,366,595,-1.21914053,0.622082293,16,1,1,0.120561011,14.74600029,1.15199995,0.089000002,43.51370829,-65.3989227
782,0,0,185,189,-8.076806068,0.436727494,0,0,1,0.082417816,NA,NA,NA,43.50823045,-65.56409936
783,0,0,329,231,-3.047851324,2.239858866,11,6,3,0.105540566,16.58399963,1.011000037,0.063000001,43.50803192,-65.44372638
784,0,0,93,370,-2.743066072,0.232752964,14,1,3,0.199980274,13.86600018,0.702000022,0.068000004,43.50779977,-65.380071
785,0,0,511,562,-1.828710794,0.647048473,11,5,3,0.072655767,16.94300079,0.757000029,0.063000001,43.50467939,-65.4531158
787,0,0,180,162,-10.36269474,0.125585213,4,0,1,0.134881109,14.92099953,0.957000017,0.059999999,43.50188243,-65.43655141
788,0,0,246,537,-1.21914053,0.543597877,19,1,3,0.175268129,14.67700005,1.093999982,0.050000001,43.50207612,-65.39759595
789,0,0,126,180,-3.809813976,1.374499083,10,2,3,0.172782868,15.92199993,0.833999991,0.068000004,43.49877125,-65.44941325
790,0,0,286,286,-2.133495808,1.593873024,11,3,3,0.153670341,NA,NA,NA,43.48802838,-65.4944253
792,0,0,189,259,-3.962206602,0.48257336,8,0,3,0.154215515,NA,NA,NA,43.48641635,-65.49609017
793,0,0,84,126,-10.05790901,0.115308426,2,0,1,0.249854773,NA,NA,NA,43.48352813,-65.5271321
794,0,0,254,264,-3.352636337,0.757598162,11,1,1,0.172598764,NA,NA,NA,43.48120534,-65.48938388
795,0,0,123,148,-5.943309784,0.524608314,9,0,1,0.210408658,NA,NA,NA,43.47828683,-65.49315877
796,0,0,66,90,-10.66747952,1.084562659,8,-1,3,0.27128163,15.50199986,1.049999952,0.333000004,43.46801609,-65.4581219
797,0,0,82,125,-5.943309784,0.468045473,10,4,3,0.312288791,NA,NA,NA,43.46465377,-65.49692464
798,0,0,107,105,-4.571776867,2.510778427,16,7,3,0.2911838,15.99100018,0.296999991,0.49000001,43.46383914,-65.46184641
799,0,0,72,99,-6.248095036,1.153052568,10,4,3,0.314382166,NA,NA,NA,43.46120927,-65.49591753
156,1,0,548,362,-2.020671129,2.083598375,19,7,1,0.000950389,NA,NA,NA,45.11084485,-61.6776332
186,1,0,611,470,-1.364022851,1.692085385,16,2,1,0.002337336,NA,NA,NA,45.07143934,-61.85016923
250,1,0,558,732,-0.473035127,0.158059835,14,2,1,0.002439903,14.41899967,1.245000005,0.118000001,44.91532039,-62.2962671
317,1,0,82,144,-7.908927441,0.404485315,11,-1,1,0.206490904,11.17300034,1.226999998,0.079999998,44.77175412,-62.66735292
324,1,0,226,246,-6.82735157,0.23267369,9,0,1,0.01955153,11.8760004,1.008999944,0.057999998,44.75965336,-62.73950605
612,1,0,490,462,-3.657421589,0.431098104,17,-1,1,0.0732769,12.38799953,3.187000036,0.223000005,44.21688463,-64.35473391
683,1,0,682,634,-1.386772275,0.141710833,7,0,1,0.003782609,21.18700027,3.796999931,0.171000004,43.86371548,-64.90203111
703,1,0,481,303,-4.312709332,0.142941773,13,0,1,0.121515639,14.48499966,3.595000029,0.126000002,43.84052522,-64.87517144
709,1,0,720,679,-1.523925662,0.232299492,9,1,1,0.026999649,19.85300064,4.710999966,0.335999995,43.83525206,-64.94553082
715,1,0,668,526,-1.523925662,0.440231055,13,2,1,0.00143144,18.14800072,4.736000061,0.059,43.82571007,-64.93216276
728,1,0,633,530,-2.743066072,0.829724491,16,2,1,0.052003957,15.6960001,4.204999924,0.270000011,43.80624905,-64.927619
752,1,0,654,377,-3.047851324,1.485223413,17,1,1,0.002763055,17.15399933,1.746999979,0.079999998,43.64078339,-65.30330576
753,1,0,531,323,-3.962206602,0.386713475,14,0,3,0.134549215,15.99300003,1.664000034,0.108999997,43.63538549,-65.32088872
772,1,0,516,634,-0.365742147,1.107993484,14,4,1,0.100744061,15.36800003,1.537999988,0.085000001,43.53063865,-65.40305905
791,1,0,182,157,-7.162450314,0.628369272,6,0,1,0.15465197,NA,NA,NA,43.48666504,-65.49913012
531,1,0.065789476,NA,NA,0,NA,16,17,3,NA,11.23799992,0.907000005,0.028999999,44.4091366,-64.26905095
242,1,0.166666672,259,204,-3.825928688,1.023350358,20,2,0,0.219645232,13.70199966,1.029999971,0.046999998,44.93910033,-62.0550984
524,1,0.425000012,293,183,-3.816124916,2.959265947,21,7,0,0.128841043,12.04100037,1.06099999,0.104000002,44.4383423,-64.09596251
133,1,0.5,NA,NA,-0.899999976,0.689200282,1,0,1,NA,21.26300049,0.287,0.014,45.13961288,-61.9965924
743,1,0.600000024,207,147,-3.926789522,2.775625944,15,3,0,0.192719802,14.96500015,1.662999988,0.169,43.69382619,-65.08470769
395,1,0.625,681,642,0,0.672812998,20,2,1,0.127185747,13.86999989,2.266000032,0.135000005,44.70939637,-62.82058983
399,1,0.625,553,580,-0.794657707,1.627492785,20,1,2,0.123484008,13.54100037,1.837000012,0.112000003,44.70878497,-62.83296334
17,1,0.675000012,NA,NA,-3.472656488,NA,36,5,0,NA,NA,NA,NA,45.31140453,-60.96214337
358,1,0.833333313,631,692,-0.681007862,0.575908363,13,4,1,0.00219258,14.36200047,4.659999847,0.414999992,44.72434579,-63.00970346
136,1,1,528,495,-2.271466255,0.427889526,18,0,3,0.148349687,NA,NA,NA,45.1315167,-61.56321092
217,1,1,693,624,-2,0.338686615,16,2,1,0.076874807,15.73900032,2.480000019,0.072999999,45.05007824,-61.88837677
383,1,1,673,658,-0.200000003,0.014400274,10,0,1,0.001690738,19.96500015,3.640000105,0.151999995,44.71324189,-63.13210172
385,1,1,719,676,0,0.004248198,10,0,1,0.001855255,19.69099998,3.654000044,0.151999995,44.7119841,-63.12988952
419,1,1,637,734,-0.899999976,0.404771984,9,0,2,0.047366261,16.6989994,6.357999802,0.243000001,44.70278588,-63.17537416
438,1,1,NA,NA,0,NA,12,0,1,0.001160286,11.89799976,1.577000022,0.063000001,44.69685186,-63.13692374
461,1,1,381,446,-1.183923125,1.046522737,10,3,2,0.166704163,12.61499977,3.072000027,0.244000003,44.68577876,-63.17046448
554,1,1,616,471,-1.371533036,1.972994804,15,2,1,0.00474915,12.70600033,1.162999988,0.138999999,44.39537408,-64.23095845
750,1,1,568,328,-4.41938448,0.664842665,12,0,1,0.063437141,16.88699913,1.345000029,0.086000003,43.64814794,-65.31313479
490,1,1.174999952,443,514,-3.608299971,2.426383495,34,17,0,0.042147059,9.413999557,1.162999988,0.035999998,44.57899028,-63.94165593
491,1,1.174999952,443,242,-4.931049824,1.082484484,21,28,0,0.019284869,9.687000275,0.490999997,0.035999998,44.54762788,-64.19538874
434,1,1.25,655,632,0,0.905657768,23,2,2,0.005830748,13.18200016,1.437000036,0.264999986,44.69839983,-62.8418285
534,1,1.25,NA,NA,-0.462333202,NA,15,16,2,NA,10.56999969,0.629999995,0.027000001,44.40813771,-64.27386464
645,1,1.25,575,638,-0.317996204,0.022383291,5,1,1,0.000654033,19.7670002,3.099999905,0.043000001,44.14708936,-64.60958623
126,1,1.399999976,127,120,-8.546905518,0.874845326,9,3,2,0.230203673,NA,NA,NA,45.14027091,-61.58302341
724,1,1.850000024,147,96,-4.231500149,4.781327724,17,4,0,0.34484762,14.81999969,1.713999987,0.093999997,43.81579554,-64.84567421
86,1,2,191,205,-2.710775375,2.718063116,12,4,0,0.15603219,NA,NA,NA,45.15757193,-61.63246808
139,1,2,NA,NA,-1.5,0.085446097,0,0,1,NA,21.20999908,0.286000013,0.025,45.1342185,-61.99223584
786,1,2,436,241,-5.18134737,0.502022684,4,0,1,0.081271403,NA,NA,NA,43.50035959,-65.56376603
357,1,2.5,610,519,-0.584110618,6.229783058,13,4,1,0.002987362,13.92599964,4.481999874,0.540000021,44.72497615,-63.00705176
386,1,2.5,640,600,0,1.048702598,20,2,1,0.109051697,14.09000015,2.697000027,0.046,44.71190786,-62.81483779
390,1,2.5,694,662,0,0.668649137,20,2,1,0.103716828,13.81099987,2.539999962,0.090999998,44.7103353,-62.81661023
469,1,2.5,644,569,-2.5,0,5,0,1,0.002792196,16.29899979,2.812000036,0.050999999,44.66798949,-63.45387695
470,1,2.5,645,579,-2.5,0,6,0,1,0.003609568,14.26000023,0.772000015,0.048,44.66740096,-63.44327565
471,1,2.5,617,575,-2.5,0,6,0,1,0.002982854,15.95699978,2.187999964,0.067000002,44.66705825,-63.45033747
472,1,2.5,645,578,-2.5,0,6,0,1,0.003620678,13.68900013,0.677999973,0.046999998,44.66646428,-63.44106091
619,1,2.5,650,640,0,0,6,1,1,0.001513476,20.16200066,3.34100008,0.050999999,44.1595888,-64.5946059
621,1,2.5,705,712,-0.423709452,0.728235364,5,1,1,0.017316857,19.84499931,3.04399991,0.050999999,44.15861326,-64.59676819
629,1,2.5,506,522,-1.47015059,0.958536088,5,0,1,0.002396611,19.32099915,2.621999979,0.086999997,44.15423394,-64.59446166
630,1,2.5,570,562,0,0.478579968,4,1,1,0.001575782,21.06699944,3.417999983,0.021,44.15331505,-64.61500756
634,1,2.5,627,565,-0.095494926,0.397765338,4,1,1,0.001164521,20.63699913,3.161999941,0.041999999,44.15111012,-64.61494741
640,1,2.5,536,559,-1.831992388,0.258414567,4,0,1,0.002362006,18.32099915,2.500999928,0.083999999,44.14905317,-64.60438791
650,1,2.5,611,520,-1.687741518,1.086312652,17,0,1,0.002884522,16.06699944,3.750999928,0.090000004,44.1463112,-64.52860508
652,1,2.5,448,291,-3.577397346,2.383012295,15,-1,2,0.002302539,16.28100014,3.838999987,0.134000003,44.14477129,-64.52593967
672,1,2.5,722,723,-0.558629632,0.201741874,4,0,1,0.003125128,22.69300079,3.315999985,0.082000002,43.87493767,-64.90935816
675,1,2.5,748,741,-0.70805788,0.048299495,5,0,1,0.003265973,22.3560009,3.026000023,0.137999997,43.87347912,-64.90234173
681,1,2.5,764,767,-0.663428307,0.059699174,6,0,1,0.027603002,21.60499954,3.405999899,0.202000007,43.86877652,-64.90088536
494,1,2.724999905,590,310,-2.960500002,5.55630064,23,19,0,0.054529987,10.64099979,0.600000024,0.055,44.51500874,-64.21101549
695,1,4,549,345,-4.190795422,0.172963455,11,0,1,0.09715195,15.25699997,3.522000074,0.133000001,43.84780505,-64.87322242
500,1,4.867965221,395,579,-2.844194889,3.649058104,34,8,0,0.039110556,11.05000019,1.031999946,0.097999997,44.47754938,-63.77102667
387,1,5,746,720,0,0.345962614,20,2,2,0.058602232,13.84799957,2.167000055,0.090000004,44.71035713,-62.83074954
443,1,5,510,502,-1,2.0330019,10,2,2,0.125053689,14.06200027,5.741000175,0.282000005,44.69522186,-63.17667655
765,1,5,640,748,-0.929594636,0.27528882,13,0,1,0.03390079,16.98200035,1.521000028,0.052000001,43.55317804,-65.38012394
129,1,5.099999905,247,180,-5.643018246,1.415560842,13,5,1,0.066416606,NA,NA,NA,45.13762298,-61.59822389
50,1,5.466666698,502,506,-0.142093256,1.362130165,14,6,0,0.002087038,NA,NA,NA,45.16745815,-61.64247515
389,1,5.625,756,728,0,0.226706624,20,2,1,0.060409497,14.03899956,2.302000046,0.108999997,44.71034643,-62.82367988
408,1,5.833333492,558,460,-2.906534672,0.362609535,18,0,1,0.137749523,12.7159996,1.504999995,0.119000003,44.70688859,-62.82899233
719,1,6,728,653,-1.523925662,0.632966459,14,1,1,0.027743062,17.23699951,5.302999973,0.298000008,43.81845143,-64.93279902
65,1,6.099999905,177,161,-4.794742107,0.596196353,12,1,1,0.261940718,NA,NA,NA,45.16114323,-61.51481635
351,1,7,723,713,-0.400000006,0.32388258,7,1,1,0.002781989,19.5340004,6.197000027,0.333000004,44.72712547,-63.11357002
755,1,7,562,325,-5.028954506,0.232827172,13,0,1,0.063833199,15.45699978,1.01699996,0.054000001,43.62000623,-65.33330994
300,1,8.399999619,628,705,-0.972128272,0.367570728,17,2,1,0.0026686,12.90400028,1.325999975,0.039000001,44.80824166,-62.55649269
477,1,8.75,509,507,-2.557400703,0.304102868,6,0,1,0.002779937,14.26099968,0.874000013,0.030999999,44.6633101,-63.44191999
178,1,10,720,672,-0.061635673,0.120228723,9,1,1,0.002233138,20.73200035,5.149000168,0.152999997,45.07469953,-61.92613976
179,1,10,652,667,-0.619475961,0.85457325,8,0,1,0.002063646,20.96899986,4.993000031,0.157000005,45.07409457,-61.92881899
188,1,10,609,635,-0.821377933,0.988062561,8,0,1,0.002076491,20.44000053,6.136000156,0.148000002,45.07155363,-61.92664331
189,1,10,477,425,-2.28431654,1.658403039,7,0,1,0.024973368,20.02300072,6.493999958,0.171000004,45.07152015,-61.9230869
356,1,10,737,698,-0.200000003,0.159084916,7,0,1,0.003098107,19.26600075,6.625,0.328999996,44.72555521,-63.10826329
363,1,10,736,726,-0.600000024,0.071310014,8,1,1,0.00195767,18.88400078,5.03000021,0.224999994,44.72113891,-63.1135583
644,1,10.4032259,NA,NA,0,NA,6,2,1,0.000575864,18.64999962,2.798000097,0.089000002,44.14745362,-64.60609509
359,1,10.83333302,609,535,-0.383992612,3.282284737,14,5,1,0.002551424,14.06900024,4.517000198,0.433999985,44.72340083,-63.00528375
688,1,12,575,522,-2.666869879,0.738410592,11,0,1,0.045420833,19.65299988,3.253000021,0.107000001,43.85984492,-64.8692443
691,1,12,578,433,-3.444072008,0.114019476,11,0,1,0.096686825,17.12400055,3.812999964,0.136999995,43.85280875,-64.87555642
706,1,13,279,219,-4.922279835,0.149448842,13,0,1,0.158617318,14.0010004,3.391000032,0.126000002,43.83898609,-64.8729464
51,1,13.30000019,421,267,-3.090931177,8.918883324,9,8,1,0.027864747,NA,NA,NA,45.1671664,-61.69859917
692,1,14,582,387,-3.87077117,0.16537863,11,0,1,0.096947618,16.12999916,3.670000076,0.131999999,43.8509404,-64.87419149
128,1,14.19999981,495,362,-1.959893107,2.011503458,17,7,1,0.001131014,NA,NA,NA,45.13874722,-61.61288637
160,1,14.39999962,602,648,-0.518523812,1.263459325,17,0,1,0.011647955,15.20800018,0.569000006,0.077,45.10322135,-61.72763534
98,1,14.5,273,296,-2.948229551,0.743294001,14,2,1,0.203094795,NA,NA,NA,45.1527255,-61.54620334
1,1,15,NA,NA,0,NA,8,5,2,NA,NA,NA,NA,45.98611452,-61.0102745
349,1,15,581,380,-1.7886585,3.872528076,11,2,1,0.002852131,14.57400036,4.493999958,0.419999987,44.72844156,-63.01279809
361,1,15,585,660,-0.544174552,0.480322659,13,5,1,0.001646494,14.29599953,4.734000206,0.437000006,44.72277048,-63.00837734
411,1,15,600,464,-3.42748642,0.351189315,18,0,1,0.097695455,12.45600033,1.513000011,0.129999995,44.70500073,-62.83076515
418,1,15,501,363,-3.470448256,0.743528843,18,0,2,0.122677192,12.57900047,1.532999992,0.219999999,44.70311542,-62.83430505
478,1,15,420,380,-3.343901396,0.55349344,6,0,1,0.002720247,13.81400013,0.842000008,0.032000002,44.66269016,-63.43926632
628,1,15,657,624,-1.504240513,0.118818395,5,0,1,0.002635875,19.17900085,2.520999908,0.085000001,44.15419114,-64.59752427
636,1,15,545,567,-1.794750452,0.168337941,3,0,1,0.002133208,18.92900085,2.611999989,0.068000004,44.14996124,-64.60703841
638,1,15,589,599,-1.135620594,0.218804121,17,1,1,0.001179206,17.52700043,3.596999884,0.074000001,44.15104794,-64.52785205
651,1,15,629,576,0,0.313919991,7,2,2,0.000948262,17.55800056,1.776000023,0.061999999,44.14407467,-64.59987699
707,1,15,553,333,-4.541298389,0.107331999,13,0,1,0.082839713,14.42500019,3.648999929,0.119999997,43.83799123,-64.87596277
487,1,16,576,638,-0.973214269,0,17,2,1,0.000741049,NA,NA,NA,44.63574426,-63.29387889
668,1,16,597,366,-4.41938448,0.726343513,19,4,1,0.045642924,12.82900047,1.672999978,0.114,43.90420199,-64.77518313
85,1,16.66666603,274,314,-1.742434025,1.645793915,13,8,0,0.141991362,NA,NA,NA,45.15798258,-61.6404737
780,1,17,317,256,-5.486132145,0.179343864,5,0,1,0.090560459,16.92700005,0.973999977,0.052999999,43.51357902,-65.44957942
407,1,17.5,522,692,-0.05036819,0.600190103,21,3,1,0.073536649,13.01500034,1.565000057,0.119999997,44.70689641,-62.83429426
15,1,17.67499924,356,251,-2.230674982,2.407572746,46,8,0,0.183495596,NA,NA,NA,45.33577529,-60.96841621
3,1,18.2142849,764,698,0,0,7,9,1,0.002403124,NA,NA,NA,45.98440602,-61.0207292
248,1,18.70000076,586,609,-2.552626848,0.245977357,11,0,1,0.032699682,14.12699986,1.470000029,0.045000002,44.92309708,-62.28020676
347,1,20,NA,NA,-0.699999988,NA,7,1,1,0.002499307,20.11000061,6.096000195,0.377999991,44.72996296,-63.11180755
406,1,20,717,706,0,0.638786614,21,2,1,0.048543781,12.86499977,1.488999963,0.141000003,44.7069107,-62.8444563
447,1,20,710,699,-0.699999988,0.088435844,14,1,2,0.175623193,13.42199993,4.058000088,0.252000004,44.69469176,-63.09141977
458,1,20,703,643,-0.899999976,0.061970357,11,1,1,0.001413207,18.81299973,3.816999912,0.032000002,44.68864128,-63.15148018
664,1,20,578,473,-2.133495808,1.17988503,19,9,1,0.006957731,10.78899956,1.169999957,0.048,43.91578151,-64.78032262
775,1,21,498,346,-3.962206602,0.243363649,4,0,1,0.11009191,NA,NA,NA,43.51790802,-65.55411653
776,1,21,287,157,-5.18134737,1.752516985,2,1,1,0.0747068,NA,NA,NA,43.51402353,-65.55871568
777,1,21,527,653,-0.914355397,0.953883767,19,3,1,0.008454496,15.27900028,1.118999958,0.30399999,43.51792914,-65.36271472
412,1,21.29999924,396,317,-2.569807291,2.080000162,19,2,2,0.122766942,12.48600006,1.506999969,0.160999998,44.70497962,-62.81706895
639,1,21.5,585,596,-0.317263663,0.505562305,4,1,1,0.001294658,19.83300018,2.97300005,0.037999999,44.14926345,-64.61183354
769,1,22,536,658,-1.066747904,0.962228358,17,2,1,0.069480687,15.96100044,1.639000058,0.079999998,43.54166143,-65.3580101
350,1,22.5,598,658,-1.035752892,0.271199465,11,3,1,0.001931069,15.23799992,4.407000065,0.296999991,44.72781087,-63.01677585
402,1,22.5,738,735,-0.507448733,0.163485616,20,1,1,0.136116698,13.22299957,1.644999981,0.165000007,44.70816055,-62.83694169
89,1,22.60000038,507,535,-1.645491719,0.790531635,15,0,1,0.138011083,NA,NA,NA,45.15564494,-61.55280835
596,1,23,557,477,-3.047851324,0.832273006,11,3,1,0.032563861,12.94299984,2.198999882,0.172000006,44.26815569,-64.33573899
56,1,23.70000076,531,514,-2.137168646,0.623971164,14,1,1,0.110175788,NA,NA,NA,45.16283921,-61.52412442
74,1,25,506,475,-1.690630913,1.517500281,13,7,1,0.020169744,NA,NA,NA,45.16052353,-61.64219455
446,1,25,711,710,-0.5,0.374894083,13,0,1,0.002161477,16.89500046,4.610000134,0.081,44.69467238,-63.11306483
552,1,25,520,493,-2.514477253,0.171754271,10,3,1,0.001813977,15.61499977,1.192999959,0.090999998,44.39468456,-64.29334891
205,1,26.20000076,457,575,-1.607456088,0.935694575,15,5,2,0.076638885,13.18700027,0.962000012,0.143000007,45.06169941,-61.82191307
666,1,27,364,357,-2.743066072,2.542346478,13,4,1,0.037492592,11.11699963,0.760999978,0.07,43.91026949,-64.81023432
778,1,28,479,320,-4.876562119,0.210919812,5,0,1,0.07018166,17.33399963,1.281999946,0.055,43.51571809,-65.45269715
299,1,28.39999962,642,645,-1.39309752,0.340244442,18,4,1,0.082161285,12.66899967,1.019000053,0.057,44.80853945,-62.55206436
544,1,29,NA,NA,-1.386772275,NA,15,3,3,0.007131224,13.65299988,1.845000029,0.268999994,44.39883813,-64.26003825
339,1,30,709,722,-0.300000012,0.201823547,6,0,1,0.002195019,20.4279995,5.198999882,0.458999991,44.73468831,-63.11270073
426,1,30,714,696,-0.899999976,0.640075803,10,1,2,0.009148785,15.91300011,5.633999825,0.25999999,44.69994604,-63.17801625
432,1,30,714,660,0,0,12,0,1,0.001683414,11.91300011,1.578999996,0.071000002,44.69906214,-63.13295302
437,1,30,620,614,-1,0.210127547,14,2,1,0.231186911,15.07699966,4.593999863,0.214000002,44.69722463,-63.07463704
456,1,30,667,662,-1,0.690895975,11,2,2,0.122364834,14.09899998,4.249000072,0.194999993,44.68987877,-63.16782631
195,1,31,591,543,-0.300000012,1.2190938,9,1,1,0.001571637,20.24600029,5.836999893,0.129999995,45.06965941,-61.92623415
727,1,31,644,595,-2.590673685,0.263996422,14,1,1,0.052039545,15.76000023,5.123000145,0.312000006,43.80876135,-64.92813496
423,1,32,496,448,-2.904620409,1.107718825,18,0,2,0.078400552,12.47599983,1.575999975,0.208000004,44.70122428,-62.83386866
109,1,32.40000153,518,613,-0.543777406,0.747726142,16,5,2,0.197300255,NA,NA,NA,45.15019435,-61.57031074
717,1,33.25,536,458,-1,5.289764881,14,1,1,0.018563414,16.50499916,5.051000118,0.294,43.82039263,-64.92981506
236,1,34.40000153,304,176,-4.074108601,3.205624819,10,3,1,0.001742689,13.50699997,0.967000008,0.035,44.95135378,-62.17247805
444,1,35,763,735,-0.800000012,0.191158697,10,1,1,0.00947344,17.02700043,4.382999897,0.136999995,44.69524597,-63.16033221
235,1,37,612,678,-1.143687487,0.692304075,11,1,2,0.0585467,14.62699986,2.561000109,0.090000004,44.953698,-62.23767103
2,1,37.5,NA,NA,0,NA,8,6,1,0.004089957,NA,NA,NA,45.98520936,-61.01256642
4,1,37.5,NA,NA,0,NA,7,9,1,0.004186361,NA,NA,NA,45.9836902,-61.01578399
6,1,37.5,NA,NA,0,NA,8,16,1,0.003083681,NA,NA,NA,45.98072967,-61.02673442
7,1,37.5,NA,NA,0,NA,7,18,1,0.004276517,NA,NA,NA,45.97830453,-61.03224268
352,1,37.5,597,549,-0.629190207,3.236701012,13,4,1,0.002752381,14.20499992,4.578999996,0.518000007,44.72623628,-63.00970377
424,1,37.5,632,540,-3.555481434,0.370064229,19,0,2,0.04008751,12.50500011,1.422999978,0.209999993,44.70092232,-62.84314698
465,1,37.5,648,577,-2.5,0,5,0,1,0.003160241,16.44400024,2.813999891,0.059999999,44.67146757,-63.45081317
624,1,37.5,677,652,-0.247774124,0.685301483,5,1,1,0.002443607,19.63800049,2.73300004,0.052999999,44.15572935,-64.60019193
632,1,37.5,617,665,-0.816000402,0.104116119,3,0,1,0.001610173,20.09799957,2.792000055,0.052999999,44.15177719,-64.61233964
633,1,37.5,509,520,-1.843546271,0.733552814,16,0,2,0.002254065,17.35899925,3.611000061,0.048999999,44.15259367,-64.53008028
635,1,37.5,589,616,-1.343427062,0.065895163,3,0,1,0.002180065,19.28800011,2.737999916,0.064999998,44.1511904,-64.60926006
637,1,37.5,600,489,-2.726893902,0.692534566,15,0,1,0.003610519,16.56800079,3.171000004,0.057,44.15098934,-64.5322271
648,1,37.5,NA,NA,0,NA,6,2,1,0.000649801,18.51300049,2.128999949,0.044,44.14525483,-64.60559785
674,1,37.5,771,765,-0.5198825,0.027163068,5,0,1,0.0262265,22.62599945,3.15899992,0.093000002,43.87467362,-64.90630036
677,1,37.5,711,701,-0.957378745,0.374512702,5,0,1,0.004553879,22.43300056,2.948999882,0.115999997,43.87184629,-64.9057746
400,1,39.2857132,738,714,0,0.461913854,21,2,2,0.057493493,13.18999958,1.633999944,0.209000006,44.70848063,-62.84047552
362,1,40,559,342,-0.899999976,4.233795166,7,0,1,0.002962966,18.49799919,6.868999958,0.555000007,44.72146484,-63.10206849
380,1,40,768,763,-0.550000012,0.145355597,8,0,1,0.045583867,20.12599945,3.355000019,0.181999996,44.71412952,-63.17496653
417,1,40,728,721,-0.671458244,0.285792202,13,1,0,0.00228341,14.40999985,4.651000023,0.252000004,44.70320007,-63.09010776
431,1,40,706,715,-0.699999988,0.25624454,14,2,1,0.147272274,15.51299953,4.566999912,0.298999995,44.69974354,-63.07729092
460,1,40,535,646,-0.600000024,0.192476824,12,2,1,0.000644087,18.37100029,3.927000046,0.032000002,44.6867496,-63.1523586
5,1,41.42856979,NA,NA,0,NA,7,11,1,0.002655971,NA,NA,NA,45.98350845,-61.02347249
82,1,42,536,527,-1.264174461,0.890418291,14,7,0,0.125505254,NA,NA,NA,45.15857537,-61.63734245
600,1,42,445,293,-3.276440144,4.195204258,16,4,1,0.037895072,12.20899963,1.623000026,0.144999996,44.24017488,-64.33028416
613,1,42,583,467,-3.535507441,0.332426697,15,1,1,0.005209004,12.76200008,1.756999969,0.026000001,44.21400731,-64.38446037
436,1,43,746,728,-0.800000012,0.158848181,13,1,1,0.12294741,13.60099983,4.434000015,0.27700001,44.69784365,-63.09009945
336,1,44.20000076,522,417,-2.05023241,1.543639183,15,4,1,0.00190102,12.19900036,1.782999992,0.072999999,44.73927869,-62.79087836
415,1,45,755,766,-0.537418962,0.372726858,21,2,1,0.032378808,12.57400036,1.5,0.266000003,44.70406886,-62.84004583
558,1,49.16666794,404,258,-1.633333325,5.025808334,12,2,1,0.001230144,14.92800045,2.381999969,0.193000004,44.3901225,-64.278747
191,1,50,646,528,0,1.536786318,10,1,1,0.016126128,19.31500053,6.335000038,0.186000004,45.07115471,-61.91775824
341,1,50,703,658,-0.100000001,0.369670063,6,1,1,0.002235092,20.00499916,5.585999966,0.370999992,44.73311506,-63.11048753
364,1,50,728,723,-0.899999976,0.084747225,9,0,1,0.002819705,18.10000038,6.961999893,0.99000001,44.720208,-63.09808891
397,1,50,784,759,-0.899999976,0.072279461,12,1,1,0.036455847,15.1420002,5.599999905,0.174999997,44.70887363,-63.0874655
516,1,50,472,377,-1.352477074,2.155201197,41,9,2,0.031483702,11.32900047,1.343000054,0.064999998,44.45099207,-63.73680526
346,1,51.25,704,718,-0.653213143,0.317102969,11,3,1,0.003276075,14.35599995,4.285999775,0.340999991,44.73064668,-63.01633466
468,1,53,668,575,-2.5,0,5,0,1,0.00368739,14.70499992,0.912,0.041000001,44.66960478,-63.443734
527,1,54.16666794,396,341,-2.509766579,3.235968828,14,12,2,0.035950303,10.82299995,0.800000012,0.037999999,44.4118122,-64.25504163
388,1,56.875,721,731,-0.499925792,0.412493318,20,2,1,0.110486463,13.91800022,2.266000032,0.090999998,44.71035317,-62.82809842
551,1,58,472,503,-1.295336843,2.452973604,14,5,3,0.025030259,13.375,1.215000033,0.114,44.39552711,-64.2459039
342,1,58.33333206,669,701,-0.640856862,0.485356539,10,3,1,0.004151557,14.40999985,4.144000053,0.340000004,44.73253691,-63.01810329
77,1,59.20000076,624,698,-1.116596341,0.565522432,15,0,1,0.026799023,NA,NA,NA,45.15826961,-61.53626563
384,1,60,754,726,-0.899999976,0.296653837,11,1,1,0.014642621,16.12299919,6.897999763,0.239999995,44.71234597,-63.07863331
445,1,60,596,617,-0.800000012,1.45164752,13,0,1,0.101223968,13.34399986,4.222000122,0.204999998,44.69531941,-63.09451295
47,1,60.79999924,NA,NA,-0.11250136,5.177555084,11,10,1,NA,NA,NA,NA,45.16909175,-61.70167304
58,1,61.90000153,773,597,0.855288208,0.066649362,16,2,1,0.029516449,NA,NA,NA,45.1623126,-61.53215406
81,1,62.20000076,537,491,-3.668605804,0.332843572,13,-1,1,0.029290289,NA,NA,NA,45.1575367,-61.52826902
409,1,62.5,593,518,-2.492791176,1.06735003,19,0,1,0.058871716,13.10700035,1.572000027,0.254999995,44.70627443,-62.84003976
466,1,62.5,666,579,-2.5,0,5,0,1,0.003557925,16.01300049,2.173000097,0.074000001,44.67116292,-63.44816146
536,1,62.5,578,493,-0.870522618,3.970965147,15,15,2,0.005504053,10.69699955,0.690999985,0.024,44.40683835,-64.27735293
641,1,62.5,646,673,-0.255539656,0.509290397,18,2,1,0.00192023,16.90800095,3.40899992,0.074000001,44.14945537,-64.52912389
642,1,62.5,NA,NA,-0.773980141,NA,17,1,1,0.00209636,17.71199989,3.487999916,0.057,44.14949048,-64.52649892
673,1,62.66666794,745,740,-0.962499976,0.022499289,5,0,1,0.003205071,22.32099915,3.242000103,0.122000001,43.87509013,-64.90021486
401,1,63,661,673,-0.855134606,0.387341261,20,2,2,0.190014422,13.85200024,1.842000008,0.115000002,44.70846001,-62.82633666
542,1,64,417,463,-2.133495808,1.907739043,15,3,2,0.040260267,12.49600029,0.828000009,0.192000002,44.39989296,-64.22094447
592,1,64.80000305,NA,NA,-1.370000005,0.644188404,8,1,1,NA,18.19499969,3.193000078,0.026000001,44.3217246,-64.33563729
60,1,65,427,297,-3.108734369,1.551756382,11,5,0,0.002792302,NA,NA,NA,45.16339527,-61.64524373
601,1,66,584,611,-1.825000048,0.199847713,10,1,1,0.002255087,17.3560009,3.296999931,0.096000001,44.23863675,-64.40607661
113,1,66.19999695,442,375,-1.827273011,5.200561047,12,11,1,0.027833046,NA,NA,NA,45.15022202,-61.67716806
609,1,67,685,644,-2.072538853,0.05687486,20,1,1,0.014531987,13.37300014,2.426000118,0.166999996,44.22004006,-64.3543681
722,1,67.5,724,743,-1,0.591813385,15,2,1,0.026451964,16.82900047,4.198999882,0.337000012,43.81633494,-64.92750833
680,1,68.5,707,742,-1.112499952,0.336959541,1,0,1,0.02641326,22.66799927,3.467999935,0.079000004,43.86803113,-64.96358452
181,1,70,707,695,-0.400000006,0,9,1,1,0.002367113,20.3239994,5.979000092,0.180999994,45.073406,-61.92260683
367,1,70,658,495,0,2.649141312,8,1,1,0.008118755,21.30400085,3.007999897,0.148000002,44.71917751,-63.17056251
376,1,70,787,750,-0.25,0.050792117,8,1,1,0.045476578,20.3390007,3.244999886,0.187000006,44.71602337,-63.17276274
450,1,70,660,559,-0.300000012,1.718021512,14,0,1,0.003522478,13.31200027,5.309000015,0.180999994,44.69373673,-63.10290324
453,1,70,555,536,-1.454066515,0.810454071,10,1,0,0.132245898,14.4659996,4.710000038,0.179000005,44.69240137,-63.16650843
442,1,70.83333588,780,776,-0.448504388,0.118906982,23,1,1,0.047683053,13.29699993,1.50999999,0.188999996,44.69556162,-62.84006925
404,1,71.40000153,616,715,-0.65483886,0.616098821,19,1,1,0.111685462,13.38500023,1.898000002,0.175999999,44.70750239,-62.81838651
420,1,75,603,512,-2.72534585,0.654763043,19,0,1,0.090353318,12.56299973,1.480999947,0.294999987,44.70186266,-62.83961012
560,1,75,689,543,-1.523925662,0.23874934,13,2,1,0.001061714,15.55799961,3.799000025,0.186000004,44.3848015,-64.27555536
581,1,75,458,554,0,1.491790414,19,4,3,0.06725885,13.66699982,2.407999992,0.143000007,44.36508781,-64.20484745
110,1,76.40000153,235,380,-1.990374684,0.299236,14,4,1,0.261519551,NA,NA,NA,45.1496034,-61.57344218
297,1,77.66666412,440,504,-2.625,2.174350977,16,4,1,0.090529174,13.41499996,1.493999958,0.035,44.82027172,-62.57145208
611,1,78,645,584,-1.645839691,0.760891557,17,3,1,0.007012642,12.41100025,1.703999996,0.046999998,44.21653277,-64.38408141
122,1,79.59999847,457,500,-1.565152049,1.817396998,15,5,1,0.057306062,NA,NA,NA,45.14620881,-61.60469159
54,1,80,515,512,-1.987921596,0.821307719,12,6,0,0.003267603,NA,NA,NA,45.16528509,-61.64519893
413,1,80,775,746,-0.899999976,0.116594791,13,2,1,0.079475284,14.7130003,6.379000187,0.196999997,44.70477822,-63.0865757
427,1,80,746,715,-0.899999976,0.13852638,13,1,1,0.130359188,13.85599995,4.676000118,0.312999994,44.70005061,-63.08833577
313,1,81.30000305,543,497,0.785956085,0.517566562,17,3,1,0.002257794,13.82900047,1.057999969,0.048,44.77715198,-62.68191997
714,1,81.66666412,363,132,-0.5,6.275972366,8,-2,1,0.002219694,17.61400032,5.086999893,0.157000005,43.82850047,-64.93486453
698,1,84,658,643,-2.133495808,0.086621955,5,0,1,0.027721971,19.95800018,4.589000225,0.229000002,43.8443411,-64.94843872
610,1,85,641,525,-2.10301733,0.998970628,21,5,1,0.006943559,12.42700005,2.323999882,0.083999999,44.2182483,-64.34600206
742,1,85,NA,NA,-2.133495808,NA,7,8,1,NA,17.9090004,1.399000049,0.079999998,43.70664584,-65.34970174
608,1,86,555,679,-1.402011633,0.929715455,17,3,1,0.007446335,13.35900021,1.756000042,0.30399999,44.22254465,-64.38203134
716,1,86,770,658,-1.828710794,0.131724611,13,2,1,0.027457364,18.15299988,6.024000168,0.310000002,43.82343175,-64.93644176
84,1,87.19999695,765,731,-0.166165993,0.29476586,17,1,1,0.056278724,NA,NA,NA,45.15713491,-61.54609119
318,1,87.40000153,522,562,-1.99120152,0.391544104,12,3,1,0.002946999,12.94499969,1.14199996,0.129999995,44.77008517,-62.75494004
203,1,87.5,766,767,-0.300000012,0,12,1,1,0.035653431,17.97800064,6.735000134,0.231999993,45.06356501,-61.91478949
416,1,87.5,648,679,-0.794057548,1.382169127,21,2,1,0.042694557,12.61900043,1.521999955,0.25999999,44.70343432,-62.83695496
429,1,87.5,588,447,-4.055848122,0.296714962,19,0,2,0.007636227,12.80300045,1.368999958,0.209999993,44.69998008,-62.84535841
430,1,87.5,598,559,-2.357730865,0.923641205,20,0,1,0.056795146,12.51599979,1.486999989,0.294999987,44.69997154,-62.83917356
435,1,87.5,654,658,-1.548522234,0.719220936,21,1,1,0.063167393,13.18999958,1.536000013,0.280000001,44.69808104,-62.83917879
530,1,87.5,572,450,-1.593777895,1.639959216,15,11,2,0.005970271,10.93200016,0.713999987,0.044,44.40986398,-64.26027498
532,1,87.5,545,544,-1.928416729,1.085547209,15,8,2,0.036852617,12.38899994,1.067000031,0.066,44.40931613,-64.25279034
533,1,87.5,479,201,-3.79685688,3.951992035,13,8,2,0.007259638,11.70300007,0.967000008,0.035,44.40857475,-64.26288474
535,1,87.5,530,496,-2.334181786,1.270770073,15,6,2,0.035994284,12.8760004,1.337000012,0.048,44.40802707,-64.25540025
576,1,87.5,539,412,-2.081478357,2.827518702,16,2,2,0.011095778,11.77700043,1.340000033,0.057,44.37229179,-64.20894889
580,1,87.5,509,671,-0.242096305,0.777227938,19,6,2,0.089703865,13.41899967,2.078999996,0.105999999,44.3660653,-64.20179269
626,1,87.5,NA,NA,-0.848707497,NA,16,1,1,NA,16.94499969,2.770999908,0.017999999,44.15567911,-64.53497462
631,1,87.5,552,527,-1.501441717,1.139828086,16,0,1,0.002337947,16.95999908,3.236999989,0.032000002,44.15382435,-64.53230047
678,1,87.5,757,758,-0.699729681,0.026121425,6,0,1,0.020506188,22.11000061,3.082999945,0.144999996,43.8703078,-64.9035476
183,1,90,706,706,-0.300000012,0.249233276,10,1,1,0.002381517,19.96800041,6.041999817,0.173999995,45.0730658,-61.91994537
198,1,90,719,690,-0.300000012,0,11,1,1,0.002162382,18.68499947,6.737999916,0.296000004,45.06831122,-61.91692269
215,1,90,770,757,-2.099999905,0.116685711,15,1,1,0.053766206,15.66300011,5.394999981,0.316000015,45.05145016,-61.89990652
396,1,90,714,710,-0.400000006,0.388702601,9,0,1,0.002745063,18.7329998,3.59100008,0.138999999,44.70876627,-63.17936881
410,1,90,747,731,-0.5,0.065202713,9,1,1,0.002480239,17.13800049,5.059000015,0.195999995,44.70530244,-63.17803266
428,1,90,735,721,-0.899999976,0.093068756,14,2,1,0.131994411,14.05099964,6.855000019,0.39199999,44.70005459,-63.08303444
448,1,90,736,742,-0.699999988,0.411531329,10,1,0,0.054232877,16.04299927,4.769999981,0.136000007,44.6942976,-63.16253827
240,1,91.40000153,602,633,-1.036083579,0.609381378,21,2,1,0.164186865,14.26299953,1.269999981,0.224000007,44.94317732,-62.05281333
512,1,91.5,331,343,-4.516666889,8.099056244,34,7,1,0.069064073,10.17800045,1.363000035,0.123000003,44.45563991,-63.58728751
95,1,92.19999695,741,725,-0.241408035,0.30122593,17,4,1,0.018910442,NA,NA,NA,45.15371705,-61.52525048
100,1,92.19999695,553,681,-0.675173342,0.745881081,16,2,1,0.148231104,NA,NA,NA,45.15211753,-61.57293419
548,1,93,635,460,-2.700000048,1.996752143,16,5,1,0.003800043,13.63500023,1.251999974,0.101000004,44.39688751,-64.23670353
720,1,93.1818161,647,616,-1,2.346183777,15,1,1,0.029032847,16.46800041,4.988999844,0.26699999,43.81788769,-64.92886393
659,1,94,655,576,-2.895458698,0.192090198,10,0,1,0.036172695,12.54300022,2.319999933,0.056000002,43.92450812,-64.84598127
337,1,94.30000305,665,479,0.854250312,0.558826029,9,3,1,0.00409076,15,3.096999884,0.201000005,44.73852386,-63.01545274
202,1,95,765,768,-0.300000012,0,11,1,1,0.035549592,18.40800095,6.758999825,0.270999998,45.06515271,-61.91609318
381,1,95,771,761,-0.400000006,0.157893986,8,1,1,0.058878221,19.73500061,3.677000046,0.192000002,44.71350339,-63.17231337
41,1,95.59999847,301,454,-0.089139275,3.073607206,18,2,1,0.151770055,NA,NA,NA,45.17006675,-61.4513381
234,1,96.30000305,NA,NA,-1.217076302,NA,17,9,1,NA,13.25,0.725000024,0.093999997,44.95535893,-62.07834938
330,1,96.5,713,710,-0.361771852,0.37079829,7,4,1,0.005309379,14.96399975,3.184999943,0.170000002,44.74513833,-63.02739176
549,1,97,365,303,-2.133495808,4.152939796,10,2,1,0.001808919,14.21100044,0.985000014,0.082999997,44.39610301,-64.27931674
550,1,97,614,427,-1.676318169,2.315981388,14,3,3,0.004700026,13.2840004,1.914999962,0.291000009,44.39632278,-64.25954477
713,1,97,735,648,-1.523925662,0.601712704,11,1,1,0.027314596,18.49900055,5.721000195,0.293000013,43.82874904,-64.93879016
684,1,98,564,523,-2.819262505,0.561803401,10,0,1,0.044653248,19.83699989,3.503000021,0.127000004,43.86187107,-64.88019591
699,1,98,595,492,-3.078329802,0.102695815,14,1,1,0.093758866,16.59399986,3.371999979,0.166999996,43.84478359,-64.86529052
290,1,98.19999695,498,400,-2.821918726,2.032772064,15,2,1,0.025967076,12.02700043,0.897000015,0.037,44.8412103,-62.45704039
308,1,98.69999695,577,677,-0.17945677,0.750210881,17,4,1,0.084752992,13.55200005,1.297999978,0.066,44.79296339,-62.5999733
555,1,99,452,390,-1.904906988,1.931358218,13,1,1,0.002279317,13.96399975,2.319999933,0.453999996,44.39470884,-64.26302592
559,1,99,520,504,-1.584882617,0.513696015,13,3,1,0.001422203,15.19900036,3.292999983,0.27700001,44.38825694,-64.27650926
165,1,99.30000305,501,633,-0.729508996,0.684057593,18,2,1,0.001030507,15.03199959,0.477999985,0.07,45.09252179,-61.72876257
63,1,99.90000153,761,743,-0.395807445,0.045330647,16,1,1,0.006778885,NA,NA,NA,45.16172271,-61.53528654
679,1,100,562,491,-1.234379768,1.467987299,6,0,1,0.003898319,21.4489994,3.167000055,0.203999996,43.86947879,-64.89655183
71,1,100,565,521,-2.578103304,0.454752475,13,0,1,0.010945741,NA,NA,NA,45.15944937,-61.53000103
151,1,100,622,732,-0.499082625,0.683501542,16,1,1,0.068238348,NA,NA,NA,45.11757742,-61.68771239
171,1,100,504,576,-0.095371939,0.696441591,18,8,1,0.001291007,13.81099987,0.75,0.028999999,45.07746759,-61.82336776
194,1,100,508,464,-0.170127779,2.844123363,16,1,1,0.001930886,NA,NA,NA,45.06950899,-61.84620641
309,1,100,541,505,0.219514281,0.662275195,18,6,1,0.19360283,13.0710001,1.358999968,0.050000001,44.78196046,-62.60712772
315,1,100,688,710,-0.403441012,0.314518392,17,3,1,0.001859332,12.30900002,1.50999999,0.02,44.77464967,-62.68856889
329,1,100,436,470,-2.330013037,2.582351446,16,4,1,0.077997722,12.56099987,1.379999995,0.037,44.75174539,-62.72627645
331,1,100,721,542,-2.550263166,0.21789071,14,1,1,0.003570638,13.44999981,1.549999952,0.218999997,44.7449605,-62.79660543
333,1,100,718,669,-0.131819785,0.380457371,15,1,1,0.003424812,13.21700001,1.360000014,0.179000005,44.74402228,-62.80058772
365,1,100,730,723,-0.600000024,0.259563535,9,1,1,0.002330238,18.51499939,5.815000057,0.257999986,44.71988162,-63.11046235
391,1,100,769,750,-0.300000012,0.195352718,9,1,1,0.04049094,19.14999962,4.953000069,0.246000007,44.71004276,-63.16876827
403,1,100,681,725,-0.699999988,0.602698743,9,1,1,0.078927249,18.47999954,5.462999821,0.224999994,44.70783784,-63.16832003
405,1,100,740,730,-0.300000012,0.132878825,9,0,1,0.002375249,18.2689991,3.542999983,0.152999997,44.70718877,-63.18068943
422,1,100,731,715,-0.899999976,0.036784623,13,2,0,0.143454969,13.99199963,5.883999825,0.344000012,44.7013133,-63.08524518
439,1,100,745,744,-0.200000003,0.060929053,13,0,1,0.092012972,13.49199963,4.677999973,0.234999999,44.69626168,-63.09804847
440,1,100,683,655,-0.200000003,0.970632792,13,0,1,0.023587452,13.71899986,5.735000134,0.138999999,44.69562644,-63.10379007
449,1,100,686,601,-0.050000001,0.875858903,13,0,1,0.002982876,13.74800014,5.675000191,0.153999999,44.6937335,-63.10643707
539,1,100,475,323,-2.743066072,3.369152308,13,2,1,0.021361884,13.01599979,0.850000024,0.111000001,44.40013696,-64.25655003
547,1,100,419,304,-2.468759537,2.398849249,12,4,1,0.001618501,14.31099987,1.567000031,0.158999994,44.3963786,-64.28283862
690,1,100,661,588,-1.874428511,0.131072327,10,0,1,0.003822703,19.3390007,3.79399991,0.134000003,43.85537065,-64.89218512
694,1,100,613,549,-2.011581898,0.787463605,14,1,1,0.081821956,18.01199913,3.290999889,0.126000002,43.85015929,-64.86415177
700,1,100,684,601,-1.523925662,0.98570174,7,1,1,0.027794102,19.37700081,5.138000011,0.234999999,43.84156588,-64.9448653
710,1,100,768,675,-1.523925662,0.283578336,9,1,1,0.027333245,19.0529995,5.381000042,0.35800001,43.83498154,-64.94291002
751,1,100,610,524,-2.895458698,0.462561905,14,0,1,0.070453629,16.80900002,1.546000004,0.150000006,43.64221775,-65.31030353
