,X,PA,cover,suitability9,suitability12,bathy_m,slope,bpi_broad,bpi_fine,sub_type,rei,temp1m_median,temp1m_qrange,ws1m_q90,coords.lat,coords.lon,biomass,cover.prop,cover.prop.br
1,242,1,0.166666672,259,204,-3.825928688,1.023350358,20,2,0,0.219645232,13.70199966,1.029999971,0.046999998,44.93910033,-62.0550984,23.56981186,0.001666667,0.001666667
2,524,1,0.425000012,293,183,-3.816124916,2.959265947,21,7,0,0.128841043,12.04100037,1.06099999,0.104000002,44.4383423,-64.09596251,23.60477732,0.00425,0.00425
3,743,1,0.600000024,207,147,-3.926789522,2.775625944,15,3,0,0.192719802,14.96500015,1.662999988,0.169,43.69382619,-65.08470769,23.63059352,0.006,0.006
4,395,1,0.625,681,642,0,0.672812998,20,2,1,0.127185747,13.86999989,2.266000032,0.135000005,44.70939637,-62.82058983,23.63442198,0.00625,0.00625
5,399,1,0.625,553,580,-0.794657707,1.627492785,20,1,2,0.123484008,13.54100037,1.837000012,0.112000003,44.70878497,-62.83296334,23.63442198,0.00625,0.00625
6,358,1,0.833333313,631,692,-0.681007862,0.575908363,13,4,1,0.00219258,14.36200047,4.659999847,0.414999992,44.72434579,-63.00970346,23.66769119,0.008333333,0.008333333
7,217,1,1,693,624,-2,0.338686615,16,2,1,0.076874807,15.73900032,2.480000019,0.072999999,45.05007824,-61.88837677,23.696062,0.01,0.01
8,383,1,1,673,658,-0.200000003,0.014400274,10,0,1,0.001690738,19.96500015,3.640000105,0.151999995,44.71324189,-63.13210172,23.696062,0.01,0.01
9,385,1,1,719,676,0,0.004248198,10,0,1,0.001855255,19.69099998,3.654000044,0.151999995,44.7119841,-63.12988952,23.696062,0.01,0.01
10,419,1,1,637,734,-0.899999976,0.404771984,9,0,2,0.047366261,16.6989994,6.357999802,0.243000001,44.70278588,-63.17537416,23.696062,0.01,0.01
11,461,1,1,381,446,-1.183923125,1.046522737,10,3,2,0.166704163,12.61499977,3.072000027,0.244000003,44.68577876,-63.17046448,23.696062,0.01,0.01
12,554,1,1,616,471,-1.371533036,1.972994804,15,2,1,0.00474915,12.70600033,1.162999988,0.138999999,44.39537408,-64.23095845,23.696062,0.01,0.01
13,750,1,1,568,328,-4.41938448,0.664842665,12,0,1,0.063437141,16.88699913,1.345000029,0.086000003,43.64814794,-65.31313479,23.696062,0.01,0.01
14,490,1,1.174999952,443,514,-3.608299971,2.426383495,34,17,0,0.042147059,9.413999557,1.162999988,0.035999998,44.57899028,-63.94165593,23.72753071,0.01175,0.01175
15,491,1,1.174999952,443,242,-4.931049824,1.082484484,21,28,0,0.019284869,9.687000275,0.490999997,0.035999998,44.54762788,-64.19538874,23.72753071,0.01175,0.01175
16,434,1,1.25,655,632,0,0.905657768,23,2,2,0.005830748,13.18200016,1.437000036,0.264999986,44.69839983,-62.8418285,23.74154394,0.0125,0.0125
17,645,1,1.25,575,638,-0.317996204,0.022383291,5,1,1,0.000654033,19.7670002,3.099999905,0.043000001,44.14708936,-64.60958623,23.74154394,0.0125,0.0125
18,724,1,1.850000024,147,96,-4.231500149,4.781327724,17,4,0,0.34484762,14.81999969,1.713999987,0.093999997,43.81579554,-64.84567421,23.86502496,0.0185,0.0185
19,357,1,2.5,610,519,-0.584110618,6.229783058,13,4,1,0.002987362,13.92599964,4.481999874,0.540000021,44.72497615,-63.00705176,24.02161675,0.025,0.025
20,386,1,2.5,640,600,0,1.048702598,20,2,1,0.109051697,14.09000015,2.697000027,0.046,44.71190786,-62.81483779,24.02161675,0.025,0.025
21,390,1,2.5,694,662,0,0.668649137,20,2,1,0.103716828,13.81099987,2.539999962,0.090999998,44.7103353,-62.81661023,24.02161675,0.025,0.025
22,469,1,2.5,644,569,-2.5,0,5,0,1,0.002792196,16.29899979,2.812000036,0.050999999,44.66798949,-63.45387695,24.02161675,0.025,0.025
23,470,1,2.5,645,579,-2.5,0,6,0,1,0.003609568,14.26000023,0.772000015,0.048,44.66740096,-63.44327565,24.02161675,0.025,0.025
24,471,1,2.5,617,575,-2.5,0,6,0,1,0.002982854,15.95699978,2.187999964,0.067000002,44.66705825,-63.45033747,24.02161675,0.025,0.025
25,472,1,2.5,645,578,-2.5,0,6,0,1,0.003620678,13.68900013,0.677999973,0.046999998,44.66646428,-63.44106091,24.02161675,0.025,0.025
26,619,1,2.5,650,640,0,0,6,1,1,0.001513476,20.16200066,3.34100008,0.050999999,44.1595888,-64.5946059,24.02161675,0.025,0.025
27,621,1,2.5,705,712,-0.423709452,0.728235364,5,1,1,0.017316857,19.84499931,3.04399991,0.050999999,44.15861326,-64.59676819,24.02161675,0.025,0.025
28,629,1,2.5,506,522,-1.47015059,0.958536088,5,0,1,0.002396611,19.32099915,2.621999979,0.086999997,44.15423394,-64.59446166,24.02161675,0.025,0.025
29,630,1,2.5,570,562,0,0.478579968,4,1,1,0.001575782,21.06699944,3.417999983,0.021,44.15331505,-64.61500756,24.02161675,0.025,0.025
30,634,1,2.5,627,565,-0.095494926,0.397765338,4,1,1,0.001164521,20.63699913,3.161999941,0.041999999,44.15111012,-64.61494741,24.02161675,0.025,0.025
31,640,1,2.5,536,559,-1.831992388,0.258414567,4,0,1,0.002362006,18.32099915,2.500999928,0.083999999,44.14905317,-64.60438791,24.02161675,0.025,0.025
32,650,1,2.5,611,520,-1.687741518,1.086312652,17,0,1,0.002884522,16.06699944,3.750999928,0.090000004,44.1463112,-64.52860508,24.02161675,0.025,0.025
33,652,1,2.5,448,291,-3.577397346,2.383012295,15,-1,2,0.002302539,16.28100014,3.838999987,0.134000003,44.14477129,-64.52593967,24.02161675,0.025,0.025
34,672,1,2.5,722,723,-0.558629632,0.201741874,4,0,1,0.003125128,22.69300079,3.315999985,0.082000002,43.87493767,-64.90935816,24.02161675,0.025,0.025
35,675,1,2.5,748,741,-0.70805788,0.048299495,5,0,1,0.003265973,22.3560009,3.026000023,0.137999997,43.87347912,-64.90234173,24.02161675,0.025,0.025
36,681,1,2.5,764,767,-0.663428307,0.059699174,6,0,1,0.027603002,21.60499954,3.405999899,0.202000007,43.86877652,-64.90088536,24.02161675,0.025,0.025
37,494,1,2.724999905,590,310,-2.960500002,5.55630064,23,19,0,0.054529987,10.64099979,0.600000024,0.055,44.51500874,-64.21101549,24.0813512,0.027249999,0.027249999
38,695,1,4,549,345,-4.190795422,0.172963455,11,0,1,0.09715195,15.25699997,3.522000074,0.133000001,43.84780505,-64.87322242,24.473563,0.04,0.04
39,500,1,4.867965221,395,579,-2.844194889,3.649058104,34,8,0,0.039110556,11.05000019,1.031999946,0.097999997,44.47754938,-63.77102667,24.79280628,0.048679652,0.048679652
40,387,1,5,746,720,0,0.345962614,20,2,2,0.058602232,13.84799957,2.167000055,0.090000004,44.71035713,-62.83074954,24.845078,0.05,0.05
41,443,1,5,510,502,-1,2.0330019,10,2,2,0.125053689,14.06200027,5.741000175,0.282000005,44.69522186,-63.17667655,24.845078,0.05,0.05
42,765,1,5,640,748,-0.929594636,0.27528882,13,0,1,0.03390079,16.98200035,1.521000028,0.052000001,43.55317804,-65.38012394,24.845078,0.05,0.05
43,389,1,5.625,756,728,0,0.226706624,20,2,1,0.060409497,14.03899956,2.302000046,0.108999997,44.71034643,-62.82367988,25.10580073,0.05625,0.05625
44,408,1,5.833333492,558,460,-2.906534672,0.362609535,18,0,1,0.137749523,12.7159996,1.504999995,0.119000003,44.70688859,-62.82899233,25.1975846,0.058333335,0.058333335
45,719,1,6,728,653,-1.523925662,0.632966459,14,1,1,0.027743062,17.23699951,5.302999973,0.298000008,43.81845143,-64.93279902,25.272767,0.06,0.06
46,351,1,7,723,713,-0.400000006,0.32388258,7,1,1,0.002781989,19.5340004,6.197000027,0.333000004,44.72712547,-63.11357002,25.75663,0.07,0.07
47,755,1,7,562,325,-5.028954506,0.232827172,13,0,1,0.063833199,15.45699978,1.01699996,0.054000001,43.62000623,-65.33330994,25.75663,0.07,0.07
48,300,1,8.399999619,628,705,-0.972128272,0.367570728,17,2,1,0.0026686,12.90400028,1.325999975,0.039000001,44.80824166,-62.55649269,26.52841029,0.083999996,0.083999996
49,477,1,8.75,509,507,-2.557400703,0.304102868,6,0,1,0.002779937,14.26099968,0.874000013,0.030999999,44.6633101,-63.44191999,26.73855894,0.0875,0.0875
50,178,1,10,720,672,-0.061635673,0.120228723,9,1,1,0.002233138,20.73200035,5.149000168,0.152999997,45.07469953,-61.92613976,27.545263,0.1,0.1
51,179,1,10,652,667,-0.619475961,0.85457325,8,0,1,0.002063646,20.96899986,4.993000031,0.157000005,45.07409457,-61.92881899,27.545263,0.1,0.1
52,188,1,10,609,635,-0.821377933,0.988062561,8,0,1,0.002076491,20.44000053,6.136000156,0.148000002,45.07155363,-61.92664331,27.545263,0.1,0.1
53,189,1,10,477,425,-2.28431654,1.658403039,7,0,1,0.024973368,20.02300072,6.493999958,0.171000004,45.07152015,-61.9230869,27.545263,0.1,0.1
54,356,1,10,737,698,-0.200000003,0.159084916,7,0,1,0.003098107,19.26600075,6.625,0.328999996,44.72555521,-63.10826329,27.545263,0.1,0.1
55,363,1,10,736,726,-0.600000024,0.071310014,8,1,1,0.00195767,18.88400078,5.03000021,0.224999994,44.72113891,-63.1135583,27.545263,0.1,0.1
56,359,1,10.83333302,609,535,-0.383992612,3.282284737,14,5,1,0.002551424,14.06900024,4.517000198,0.433999985,44.72340083,-63.00528375,28.13182763,0.10833333,0.10833333
57,688,1,12,575,522,-2.666869879,0.738410592,11,0,1,0.045420833,19.65299988,3.253000021,0.107000001,43.85984492,-64.8692443,29.018555,0.12,0.12
58,691,1,12,578,433,-3.444072008,0.114019476,11,0,1,0.096686825,17.12400055,3.812999964,0.136999995,43.85280875,-64.87555642,29.018555,0.12,0.12
59,706,1,13,279,219,-4.922279835,0.149448842,13,0,1,0.158617318,14.0010004,3.391000032,0.126000002,43.83898609,-64.8729464,29.839462,0.13,0.13
60,692,1,14,582,387,-3.87077117,0.16537863,11,0,1,0.096947618,16.12999916,3.670000076,0.131999999,43.8509404,-64.87419149,30.716543,0.14,0.14
61,160,1,14.39999962,602,648,-0.518523812,1.263459325,17,0,1,0.011647955,15.20800018,0.569000006,0.077,45.10322135,-61.72763534,31.08310377,0.143999996,0.143999996
62,349,1,15,581,380,-1.7886585,3.872528076,11,2,1,0.002852131,14.57400036,4.493999958,0.419999987,44.72844156,-63.01279809,31.649798,0.15,0.15
63,361,1,15,585,660,-0.544174552,0.480322659,13,5,1,0.001646494,14.29599953,4.734000206,0.437000006,44.72277048,-63.00837734,31.649798,0.15,0.15
64,411,1,15,600,464,-3.42748642,0.351189315,18,0,1,0.097695455,12.45600033,1.513000011,0.129999995,44.70500073,-62.83076515,31.649798,0.15,0.15
65,418,1,15,501,363,-3.470448256,0.743528843,18,0,2,0.122677192,12.57900047,1.532999992,0.219999999,44.70311542,-62.83430505,31.649798,0.15,0.15
66,478,1,15,420,380,-3.343901396,0.55349344,6,0,1,0.002720247,13.81400013,0.842000008,0.032000002,44.66269016,-63.43926632,31.649798,0.15,0.15
67,628,1,15,657,624,-1.504240513,0.118818395,5,0,1,0.002635875,19.17900085,2.520999908,0.085000001,44.15419114,-64.59752427,31.649798,0.15,0.15
68,636,1,15,545,567,-1.794750452,0.168337941,3,0,1,0.002133208,18.92900085,2.611999989,0.068000004,44.14996124,-64.60703841,31.649798,0.15,0.15
69,638,1,15,589,599,-1.135620594,0.218804121,17,1,1,0.001179206,17.52700043,3.596999884,0.074000001,44.15104794,-64.52785205,31.649798,0.15,0.15
70,651,1,15,629,576,0,0.313919991,7,2,2,0.000948262,17.55800056,1.776000023,0.061999999,44.14407467,-64.59987699,31.649798,0.15,0.15
71,707,1,15,553,333,-4.541298389,0.107331999,13,0,1,0.082839713,14.42500019,3.648999929,0.119999997,43.83799123,-64.87596277,31.649798,0.15,0.15
72,668,1,16,597,366,-4.41938448,0.726343513,19,4,1,0.045642924,12.82900047,1.672999978,0.114,43.90420199,-64.77518313,32.639227,0.16,0.16
73,780,1,17,317,256,-5.486132145,0.179343864,5,0,1,0.090560459,16.92700005,0.973999977,0.052999999,43.51357902,-65.44957942,33.68483,0.17,0.17
74,407,1,17.5,522,692,-0.05036819,0.600190103,21,3,1,0.073536649,13.01500034,1.565000057,0.119999997,44.70689641,-62.83429426,34.22869675,0.175,0.175
75,248,1,18.70000076,586,609,-2.552626848,0.245977357,11,0,1,0.032699682,14.12699986,1.470000029,0.045000002,44.92309708,-62.28020676,35.59127532,0.187000008,0.187000008
76,406,1,20,717,706,0,0.638786614,21,2,1,0.048543781,12.86499977,1.488999963,0.141000003,44.7069107,-62.8444563,37.158683,0.2,0.2
77,447,1,20,710,699,-0.699999988,0.088435844,14,1,2,0.175623193,13.42199993,4.058000088,0.252000004,44.69469176,-63.09141977,37.158683,0.2,0.2
78,458,1,20,703,643,-0.899999976,0.061970357,11,1,1,0.001413207,18.81299973,3.816999912,0.032000002,44.68864128,-63.15148018,37.158683,0.2,0.2
79,664,1,20,578,473,-2.133495808,1.17988503,19,9,1,0.006957731,10.78899956,1.169999957,0.048,43.91578151,-64.78032262,37.158683,0.2,0.2
80,777,1,21,527,653,-0.914355397,0.953883767,19,3,1,0.008454496,15.27900028,1.118999958,0.30399999,43.51792914,-65.36271472,38.428982,0.21,0.21
81,412,1,21.29999924,396,317,-2.569807291,2.080000162,19,2,2,0.122766942,12.48600006,1.506999969,0.160999998,44.70497962,-62.81706895,38.82102463,0.212999992,0.212999992
82,639,1,21.5,585,596,-0.317263663,0.505562305,4,1,1,0.001294658,19.83300018,2.97300005,0.037999999,44.14926345,-64.61183354,39.08519675,0.215,0.215
83,769,1,22,536,658,-1.066747904,0.962228358,17,2,1,0.069480687,15.96100044,1.639000058,0.079999998,43.54166143,-65.3580101,39.755455,0.22,0.22
84,350,1,22.5,598,658,-1.035752892,0.271199465,11,3,1,0.001931069,15.23799992,4.407000065,0.296999991,44.72781087,-63.01677585,40.43975675,0.225,0.225
85,402,1,22.5,738,735,-0.507448733,0.163485616,20,1,1,0.136116698,13.22299957,1.644999981,0.165000007,44.70816055,-62.83694169,40.43975675,0.225,0.225
86,596,1,23,557,477,-3.047851324,0.832273006,11,3,1,0.032563861,12.94299984,2.198999882,0.172000006,44.26815569,-64.33573899,41.138102,0.23,0.23
87,446,1,25,711,710,-0.5,0.374894083,13,0,1,0.002161477,16.89500046,4.610000134,0.081,44.69467238,-63.11306483,44.071918,0.25,0.25
88,552,1,25,520,493,-2.514477253,0.171754271,10,3,1,0.001813977,15.61499977,1.192999959,0.090999998,44.39468456,-64.29334891,44.071918,0.25,0.25
89,205,1,26.20000076,457,575,-1.607456088,0.935694575,15,5,2,0.076638885,13.18700027,0.962000012,0.143000007,45.06169941,-61.82191307,45.94006289,0.262000008,0.262000008
90,666,1,27,364,357,-2.743066072,2.542346478,13,4,1,0.037492592,11.11699963,0.760999978,0.07,43.91026949,-64.81023432,47.23043,0.27,0.27
91,778,1,28,479,320,-4.876562119,0.210919812,5,0,1,0.07018166,17.33399963,1.281999946,0.055,43.51571809,-65.45269715,48.893947,0.28,0.28
92,299,1,28.39999962,642,645,-1.39309752,0.340244442,18,4,1,0.082161285,12.66899967,1.019000053,0.057,44.80853945,-62.55206436,49.57508187,0.283999996,0.283999996
93,339,1,30,709,722,-0.300000012,0.201823547,6,0,1,0.002195019,20.4279995,5.198999882,0.458999991,44.73468831,-63.11270073,52.389503,0.3,0.3
94,426,1,30,714,696,-0.899999976,0.640075803,10,1,2,0.009148785,15.91300011,5.633999825,0.25999999,44.69994604,-63.17801625,52.389503,0.3,0.3
95,432,1,30,714,660,0,0,12,0,1,0.001683414,11.91300011,1.578999996,0.071000002,44.69906214,-63.13295302,52.389503,0.3,0.3
96,437,1,30,620,614,-1,0.210127547,14,2,1,0.231186911,15.07699966,4.593999863,0.214000002,44.69722463,-63.07463704,52.389503,0.3,0.3
97,456,1,30,667,662,-1,0.690895975,11,2,2,0.122364834,14.09899998,4.249000072,0.194999993,44.68987877,-63.16782631,52.389503,0.3,0.3
98,195,1,31,591,543,-0.300000012,1.2190938,9,1,1,0.001571637,20.24600029,5.836999893,0.129999995,45.06965941,-61.92623415,54.221542,0.31,0.31
99,727,1,31,644,595,-2.590673685,0.263996422,14,1,1,0.052039545,15.76000023,5.123000145,0.312000006,43.80876135,-64.92813496,54.221542,0.31,0.31
100,423,1,32,496,448,-2.904620409,1.107718825,18,0,2,0.078400552,12.47599983,1.575999975,0.208000004,44.70122428,-62.83386866,56.109755,0.32,0.32
101,717,1,33.25,536,458,-1,5.289764881,14,1,1,0.018563414,16.50499916,5.051000118,0.294,43.82039263,-64.92981506,58.54901594,0.3325,0.3325
102,236,1,34.40000153,304,176,-4.074108601,3.205624819,10,3,1,0.001742689,13.50699997,0.967000008,0.035,44.95135378,-62.17247805,60.87065926,0.344000015,0.344000015
103,444,1,35,763,735,-0.800000012,0.191158697,10,1,1,0.00947344,17.02700043,4.382999897,0.136999995,44.69524597,-63.16033221,62.111438,0.35,0.35
104,235,1,37,612,678,-1.143687487,0.692304075,11,1,2,0.0585467,14.62699986,2.561000109,0.090000004,44.953698,-62.23767103,66.39343,0.37,0.37
105,352,1,37.5,597,549,-0.629190207,3.236701012,13,4,1,0.002752381,14.20499992,4.578999996,0.518000007,44.72623628,-63.00970377,67.49903675,0.375,0.375
106,424,1,37.5,632,540,-3.555481434,0.370064229,19,0,2,0.04008751,12.50500011,1.422999978,0.209999993,44.70092232,-62.84314698,67.49903675,0.375,0.375
107,465,1,37.5,648,577,-2.5,0,5,0,1,0.003160241,16.44400024,2.813999891,0.059999999,44.67146757,-63.45081317,67.49903675,0.375,0.375
108,624,1,37.5,677,652,-0.247774124,0.685301483,5,1,1,0.002443607,19.63800049,2.73300004,0.052999999,44.15572935,-64.60019193,67.49903675,0.375,0.375
109,632,1,37.5,617,665,-0.816000402,0.104116119,3,0,1,0.001610173,20.09799957,2.792000055,0.052999999,44.15177719,-64.61233964,67.49903675,0.375,0.375
110,633,1,37.5,509,520,-1.843546271,0.733552814,16,0,2,0.002254065,17.35899925,3.611000061,0.048999999,44.15259367,-64.53008028,67.49903675,0.375,0.375
111,635,1,37.5,589,616,-1.343427062,0.065895163,3,0,1,0.002180065,19.28800011,2.737999916,0.064999998,44.1511904,-64.60926006,67.49903675,0.375,0.375
112,637,1,37.5,600,489,-2.726893902,0.692534566,15,0,1,0.003610519,16.56800079,3.171000004,0.057,44.15098934,-64.5322271,67.49903675,0.375,0.375
113,674,1,37.5,771,765,-0.5198825,0.027163068,5,0,1,0.0262265,22.62599945,3.15899992,0.093000002,43.87467362,-64.90630036,67.49903675,0.375,0.375
114,677,1,37.5,711,701,-0.957378745,0.374512702,5,0,1,0.004553879,22.43300056,2.948999882,0.115999997,43.87184629,-64.9057746,67.49903675,0.375,0.375
115,400,1,39.2857132,738,714,0,0.461913854,21,2,2,0.057493493,13.18999958,1.633999944,0.209000006,44.70848063,-62.84047552,71.56227058,0.392857132,0.392857132
116,362,1,40,559,342,-0.899999976,4.233795166,7,0,1,0.002962966,18.49799919,6.868999958,0.555000007,44.72146484,-63.10206849,73.237723,0.4,0.4
117,380,1,40,768,763,-0.550000012,0.145355597,8,0,1,0.045583867,20.12599945,3.355000019,0.181999996,44.71412952,-63.17496653,73.237723,0.4,0.4
118,417,1,40,728,721,-0.671458244,0.285792202,13,1,0,0.00228341,14.40999985,4.651000023,0.252000004,44.70320007,-63.09010776,73.237723,0.4,0.4
119,431,1,40,706,715,-0.699999988,0.25624454,14,2,1,0.147272274,15.51299953,4.566999912,0.298999995,44.69974354,-63.07729092,73.237723,0.4,0.4
120,460,1,40,535,646,-0.600000024,0.192476824,12,2,1,0.000644087,18.37100029,3.927000046,0.032000002,44.6867496,-63.1523586,73.237723,0.4,0.4
121,600,1,42,445,293,-3.276440144,4.195204258,16,4,1,0.037895072,12.20899963,1.623000026,0.144999996,44.24017488,-64.33028416,78.081455,0.42,0.42
122,613,1,42,583,467,-3.535507441,0.332426697,15,1,1,0.005209004,12.76200008,1.756999969,0.026000001,44.21400731,-64.38446037,78.081455,0.42,0.42
123,436,1,43,746,728,-0.800000012,0.158848181,13,1,1,0.12294741,13.60099983,4.434000015,0.27700001,44.69784365,-63.09009945,80.587582,0.43,0.43
124,336,1,44.20000076,522,417,-2.05023241,1.543639183,15,4,1,0.00190102,12.19900036,1.782999992,0.072999999,44.73927869,-62.79087836,83.66908606,0.442000008,0.442000008
125,415,1,45,755,766,-0.537418962,0.372726858,21,2,1,0.032378808,12.57400036,1.5,0.266000003,44.70406886,-62.84004583,85.768358,0.45,0.45
126,558,1,49.16666794,404,258,-1.633333325,5.025808334,12,2,1,0.001230144,14.92800045,2.381999969,0.193000004,44.3901225,-64.278747,97.28332486,0.491666679,0.491666679
127,191,1,50,646,528,0,1.536786318,10,1,1,0.016126128,19.31500053,6.335000038,0.186000004,45.07115471,-61.91775824,99.703343,0.5,0.5
128,341,1,50,703,658,-0.100000001,0.369670063,6,1,1,0.002235092,20.00499916,5.585999966,0.370999992,44.73311506,-63.11048753,99.703343,0.5,0.5
129,364,1,50,728,723,-0.899999976,0.084747225,9,0,1,0.002819705,18.10000038,6.961999893,0.99000001,44.720208,-63.09808891,99.703343,0.5,0.5
130,397,1,50,784,759,-0.899999976,0.072279461,12,1,1,0.036455847,15.1420002,5.599999905,0.174999997,44.70887363,-63.0874655,99.703343,0.5,0.5
131,516,1,50,472,377,-1.352477074,2.155201197,41,9,2,0.031483702,11.32900047,1.343000054,0.064999998,44.45099207,-63.73680526,99.703343,0.5,0.5
132,346,1,51.25,704,718,-0.653213143,0.317102969,11,3,1,0.003276075,14.35599995,4.285999775,0.340999991,44.73064668,-63.01633466,103.4065189,0.5125,0.5125
133,468,1,53,668,575,-2.5,0,5,0,1,0.00368739,14.70499992,0.912,0.041000001,44.66960478,-63.443734,108.738422,0.53,0.53
134,527,1,54.16666794,396,341,-2.509766579,3.235968828,14,12,2,0.035950303,10.82299995,0.800000012,0.037999999,44.4118122,-64.25504163,112.3886019,0.541666679,0.541666679
135,388,1,56.875,721,731,-0.499925792,0.412493318,20,2,1,0.110486463,13.91800022,2.266000032,0.090999998,44.71035317,-62.82809842,121.1569876,0.56875,0.56875
136,551,1,58,472,503,-1.295336843,2.452973604,14,5,3,0.025030259,13.375,1.215000033,0.114,44.39552711,-64.2459039,124.920367,0.58,0.58
137,342,1,58.33333206,669,701,-0.640856862,0.485356539,10,3,1,0.004151557,14.40999985,4.144000053,0.340000004,44.73253691,-63.01810329,126.0490915,0.583333321,0.583333321
138,384,1,60,754,726,-0.899999976,0.296653837,11,1,1,0.014642621,16.12299919,6.897999763,0.239999995,44.71234597,-63.07863331,131.786363,0.6,0.6
139,445,1,60,596,617,-0.800000012,1.45164752,13,0,1,0.101223968,13.34399986,4.222000122,0.204999998,44.69531941,-63.09451295,131.786363,0.6,0.6
140,409,1,62.5,593,518,-2.492791176,1.06735003,19,0,1,0.058871716,13.10700035,1.572000027,0.254999995,44.70627443,-62.84003976,140.6848368,0.625,0.625
141,466,1,62.5,666,579,-2.5,0,5,0,1,0.003557925,16.01300049,2.173000097,0.074000001,44.67116292,-63.44816146,140.6848368,0.625,0.625
142,536,1,62.5,578,493,-0.870522618,3.970965147,15,15,2,0.005504053,10.69699955,0.690999985,0.024,44.40683835,-64.27735293,140.6848368,0.625,0.625
143,641,1,62.5,646,673,-0.255539656,0.509290397,18,2,1,0.00192023,16.90800095,3.40899992,0.074000001,44.14945537,-64.52912389,140.6848368,0.625,0.625
144,673,1,62.66666794,745,740,-0.962499976,0.022499289,5,0,1,0.003205071,22.32099915,3.242000103,0.122000001,43.87509013,-64.90021486,141.2905561,0.626666679,0.626666679
145,401,1,63,661,673,-0.855134606,0.387341261,20,2,2,0.190014422,13.85200024,1.842000008,0.115000002,44.70846001,-62.82633666,142.506662,0.63,0.63
146,542,1,64,417,463,-2.133495808,1.907739043,15,3,2,0.040260267,12.49600029,0.828000009,0.192000002,44.39989296,-64.22094447,146.192443,0.64,0.64
147,601,1,66,584,611,-1.825000048,0.199847713,10,1,1,0.002255087,17.3560009,3.296999931,0.096000001,44.23863675,-64.40607661,153.732527,0.66,0.66
148,609,1,67,685,644,-2.072538853,0.05687486,20,1,1,0.014531987,13.37300014,2.426000118,0.166999996,44.22004006,-64.3543681,157.58683,0.67,0.67
149,722,1,67.5,724,743,-1,0.591813385,15,2,1,0.026451964,16.82900047,4.198999882,0.337000012,43.81633494,-64.92750833,159.5350468,0.675,0.675
150,680,1,68.5,707,742,-1.112499952,0.336959541,1,0,1,0.02641326,22.66799927,3.467999935,0.079000004,43.86803113,-64.96358452,163.4736108,0.685,0.685
151,181,1,70,707,695,-0.400000006,0,9,1,1,0.002367113,20.3239994,5.979000092,0.180999994,45.073406,-61.92260683,169.486783,0.7,0.7
152,367,1,70,658,495,0,2.649141312,8,1,1,0.008118755,21.30400085,3.007999897,0.148000002,44.71917751,-63.17056251,169.486783,0.7,0.7
153,376,1,70,787,750,-0.25,0.050792117,8,1,1,0.045476578,20.3390007,3.244999886,0.187000006,44.71602337,-63.17276274,169.486783,0.7,0.7
154,450,1,70,660,559,-0.300000012,1.718021512,14,0,1,0.003522478,13.31200027,5.309000015,0.180999994,44.69373673,-63.10290324,169.486783,0.7,0.7
155,453,1,70,555,536,-1.454066515,0.810454071,10,1,0,0.132245898,14.4659996,4.710000038,0.179000005,44.69240137,-63.16650843,169.486783,0.7,0.7
156,442,1,70.83333588,780,776,-0.448504388,0.118906982,23,1,1,0.047683053,13.29699993,1.50999999,0.188999996,44.69556162,-62.84006925,172.8820583,0.708333359,0.708333359
157,404,1,71.40000153,616,715,-0.65483886,0.616098821,19,1,1,0.111685462,13.38500023,1.898000002,0.175999999,44.70750239,-62.81838651,175.2131166,0.714000015,0.714000015
158,420,1,75,603,512,-2.72534585,0.654763043,19,0,1,0.090353318,12.56299973,1.480999947,0.294999987,44.70186266,-62.83961012,190.443518,0.75,0.75
159,560,1,75,689,543,-1.523925662,0.23874934,13,2,1,0.001061714,15.55799961,3.799000025,0.186000004,44.3848015,-64.27555536,190.443518,0.75,0.75
160,581,1,75,458,554,0,1.491790414,19,4,3,0.06725885,13.66699982,2.407999992,0.143000007,44.36508781,-64.20484745,190.443518,0.75,0.75
161,297,1,77.66666412,440,504,-2.625,2.174350977,16,4,1,0.090529174,13.41499996,1.493999958,0.035,44.82027172,-62.57145208,202.194655,0.776666641,0.776666641
162,611,1,78,645,584,-1.645839691,0.760891557,17,3,1,0.007012642,12.41100025,1.703999996,0.046999998,44.21653277,-64.38408141,203.691647,0.78,0.78
163,413,1,80,775,746,-0.899999976,0.116594791,13,2,1,0.079475284,14.7130003,6.379000187,0.196999997,44.70477822,-63.0865757,212.804603,0.8,0.8
164,427,1,80,746,715,-0.899999976,0.13852638,13,1,1,0.130359188,13.85599995,4.676000118,0.312999994,44.70005061,-63.08833577,212.804603,0.8,0.8
165,313,1,81.30000305,543,497,0.785956085,0.517566562,17,3,1,0.002257794,13.82900047,1.057999969,0.048,44.77715198,-62.68191997,218.8485319,0.813000031,0.813000031
166,714,1,81.66666412,363,132,-0.5,6.275972366,8,-2,1,0.002219694,17.61400032,5.086999893,0.157000005,43.82850047,-64.93486453,220.5703638,0.816666641,0.816666641
167,698,1,84,658,643,-2.133495808,0.086621955,5,0,1,0.027721971,19.95800018,4.589000225,0.229000002,43.8443411,-64.94843872,231.704603,0.84,0.84
168,610,1,85,641,525,-2.10301733,0.998970628,21,5,1,0.006943559,12.42700005,2.323999882,0.083999999,44.2182483,-64.34600206,236.570038,0.85,0.85
169,608,1,86,555,679,-1.402011633,0.929715455,17,3,1,0.007446335,13.35900021,1.756000042,0.30399999,44.22254465,-64.38203134,241.491647,0.86,0.86
170,716,1,86,770,658,-1.828710794,0.131724611,13,2,1,0.027457364,18.15299988,6.024000168,0.310000002,43.82343175,-64.93644176,241.491647,0.86,0.86
171,318,1,87.40000153,522,562,-1.99120152,0.391544104,12,3,1,0.002946999,12.94499969,1.14199996,0.129999995,44.77008517,-62.75494004,248.4762796,0.874000015,0.874000015
172,203,1,87.5,766,767,-0.300000012,0,12,1,1,0.035653431,17.97800064,6.735000134,0.231999993,45.06356501,-61.91478949,248.9793868,0.875,0.875
173,416,1,87.5,648,679,-0.794057548,1.382169127,21,2,1,0.042694557,12.61900043,1.521999955,0.25999999,44.70343432,-62.83695496,248.9793868,0.875,0.875
174,429,1,87.5,588,447,-4.055848122,0.296714962,19,0,2,0.007636227,12.80300045,1.368999958,0.209999993,44.69998008,-62.84535841,248.9793868,0.875,0.875
175,430,1,87.5,598,559,-2.357730865,0.923641205,20,0,1,0.056795146,12.51599979,1.486999989,0.294999987,44.69997154,-62.83917356,248.9793868,0.875,0.875
176,435,1,87.5,654,658,-1.548522234,0.719220936,21,1,1,0.063167393,13.18999958,1.536000013,0.280000001,44.69808104,-62.83917879,248.9793868,0.875,0.875
177,530,1,87.5,572,450,-1.593777895,1.639959216,15,11,2,0.005970271,10.93200016,0.713999987,0.044,44.40986398,-64.26027498,248.9793868,0.875,0.875
178,532,1,87.5,545,544,-1.928416729,1.085547209,15,8,2,0.036852617,12.38899994,1.067000031,0.066,44.40931613,-64.25279034,248.9793868,0.875,0.875
179,533,1,87.5,479,201,-3.79685688,3.951992035,13,8,2,0.007259638,11.70300007,0.967000008,0.035,44.40857475,-64.26288474,248.9793868,0.875,0.875
180,535,1,87.5,530,496,-2.334181786,1.270770073,15,6,2,0.035994284,12.8760004,1.337000012,0.048,44.40802707,-64.25540025,248.9793868,0.875,0.875
181,576,1,87.5,539,412,-2.081478357,2.827518702,16,2,2,0.011095778,11.77700043,1.340000033,0.057,44.37229179,-64.20894889,248.9793868,0.875,0.875
182,580,1,87.5,509,671,-0.242096305,0.777227938,19,6,2,0.089703865,13.41899967,2.078999996,0.105999999,44.3660653,-64.20179269,248.9793868,0.875,0.875
183,631,1,87.5,552,527,-1.501441717,1.139828086,16,0,1,0.002337947,16.95999908,3.236999989,0.032000002,44.15382435,-64.53230047,248.9793868,0.875,0.875
184,678,1,87.5,757,758,-0.699729681,0.026121425,6,0,1,0.020506188,22.11000061,3.082999945,0.144999996,43.8703078,-64.9035476,248.9793868,0.875,0.875
185,183,1,90,706,706,-0.300000012,0.249233276,10,1,1,0.002381517,19.96800041,6.041999817,0.173999995,45.0730658,-61.91994537,261.739823,0.9,0.9
186,198,1,90,719,690,-0.300000012,0,11,1,1,0.002162382,18.68499947,6.737999916,0.296000004,45.06831122,-61.91692269,261.739823,0.9,0.9
187,215,1,90,770,757,-2.099999905,0.116685711,15,1,1,0.053766206,15.66300011,5.394999981,0.316000015,45.05145016,-61.89990652,261.739823,0.9,0.9
188,396,1,90,714,710,-0.400000006,0.388702601,9,0,1,0.002745063,18.7329998,3.59100008,0.138999999,44.70876627,-63.17936881,261.739823,0.9,0.9
189,410,1,90,747,731,-0.5,0.065202713,9,1,1,0.002480239,17.13800049,5.059000015,0.195999995,44.70530244,-63.17803266,261.739823,0.9,0.9
190,428,1,90,735,721,-0.899999976,0.093068756,14,2,1,0.131994411,14.05099964,6.855000019,0.39199999,44.70005459,-63.08303444,261.739823,0.9,0.9
191,448,1,90,736,742,-0.699999988,0.411531329,10,1,0,0.054232877,16.04299927,4.769999981,0.136000007,44.6942976,-63.16253827,261.739823,0.9,0.9
192,240,1,91.40000153,602,633,-1.036083579,0.609381378,21,2,1,0.164186865,14.26299953,1.269999981,0.224000007,44.94317732,-62.05281333,269.0390304,0.914000015,0.914000015
193,512,1,91.5,331,343,-4.516666889,8.099056244,34,7,1,0.069064073,10.17800045,1.363000035,0.123000003,44.45563991,-63.58728751,269.5646068,0.915,0.915
194,548,1,93,635,460,-2.700000048,1.996752143,16,5,1,0.003800043,13.63500023,1.251999974,0.101000004,44.39688751,-64.23670353,277.515782,0.93,0.93
195,720,1,93.1818161,647,616,-1,2.346183777,15,1,1,0.029032847,16.46800041,4.988999844,0.26699999,43.81788769,-64.92886393,278.4881383,0.931818161,0.931818161
196,659,1,94,655,576,-2.895458698,0.192090198,10,0,1,0.036172695,12.54300022,2.319999933,0.056000002,43.92450812,-64.84598127,282.886783,0.94,0.94
197,337,1,94.30000305,665,479,0.854250312,0.558826029,9,3,1,0.00409076,15,3.096999884,0.201000005,44.73852386,-63.01545274,284.5090537,0.943000031,0.943000031
198,202,1,95,765,768,-0.300000012,0,11,1,1,0.035549592,18.40800095,6.758999825,0.270999998,45.06515271,-61.91609318,288.313958,0.95,0.95
199,381,1,95,771,761,-0.400000006,0.157893986,8,1,1,0.058878221,19.73500061,3.677000046,0.192000002,44.71350339,-63.17231337,288.313958,0.95,0.95
200,330,1,96.5,713,710,-0.361771852,0.37079829,7,4,1,0.005309379,14.96399975,3.184999943,0.170000002,44.74513833,-63.02739176,296.5600468,0.965,0.965
201,549,1,97,365,303,-2.133495808,4.152939796,10,2,1,0.001808919,14.21100044,0.985000014,0.082999997,44.39610301,-64.27931674,299.33683,0.97,0.97
202,550,1,97,614,427,-1.676318169,2.315981388,14,3,3,0.004700026,13.2840004,1.914999962,0.291000009,44.39632278,-64.25954477,299.33683,0.97,0.97
203,713,1,97,735,648,-1.523925662,0.601712704,11,1,1,0.027314596,18.49900055,5.721000195,0.293000013,43.82874904,-64.93879016,299.33683,0.97,0.97
204,684,1,98,564,523,-2.819262505,0.561803401,10,0,1,0.044653248,19.83699989,3.503000021,0.127000004,43.86187107,-64.88019591,304.932527,0.98,0.98
205,699,1,98,595,492,-3.078329802,0.102695815,14,1,1,0.093758866,16.59399986,3.371999979,0.166999996,43.84478359,-64.86529052,304.932527,0.98,0.98
206,290,1,98.19999695,498,400,-2.821918726,2.032772064,15,2,1,0.025967076,12.02700043,0.897000015,0.037,44.8412103,-62.45704039,306.0583901,0.98199997,0.98199997
207,308,1,98.69999695,577,677,-0.17945677,0.750210881,17,4,1,0.084752992,13.55200005,1.297999978,0.066,44.79296339,-62.5999733,308.8829212,0.98699997,0.98699997
208,555,1,99,452,390,-1.904906988,1.931358218,13,1,1,0.002279317,13.96399975,2.319999933,0.453999996,44.39470884,-64.26302592,310.584398,0.99,0.99
209,559,1,99,520,504,-1.584882617,0.513696015,13,3,1,0.001422203,15.19900036,3.292999983,0.27700001,44.38825694,-64.27650926,310.584398,0.99,0.99
210,165,1,99.30000305,501,633,-0.729508996,0.684057593,18,2,1,0.001030507,15.03199959,0.477999985,0.07,45.09252179,-61.72876257,312.2909306,0.993000031,0.993000031
211,679,1,100,562,491,-1.234379768,1.467987299,6,0,1,0.003898319,21.4489994,3.167000055,0.203999996,43.86947879,-64.89655183,316.292443,1,0.99
212,171,1,100,504,576,-0.095371939,0.696441591,18,8,1,0.001291007,13.81099987,0.75,0.028999999,45.07746759,-61.82336776,316.292443,1,0.99
213,309,1,100,541,505,0.219514281,0.662275195,18,6,1,0.19360283,13.0710001,1.358999968,0.050000001,44.78196046,-62.60712772,316.292443,1,0.99
214,315,1,100,688,710,-0.403441012,0.314518392,17,3,1,0.001859332,12.30900002,1.50999999,0.02,44.77464967,-62.68856889,316.292443,1,0.99
215,329,1,100,436,470,-2.330013037,2.582351446,16,4,1,0.077997722,12.56099987,1.379999995,0.037,44.75174539,-62.72627645,316.292443,1,0.99
216,331,1,100,721,542,-2.550263166,0.21789071,14,1,1,0.003570638,13.44999981,1.549999952,0.218999997,44.7449605,-62.79660543,316.292443,1,0.99
217,333,1,100,718,669,-0.131819785,0.380457371,15,1,1,0.003424812,13.21700001,1.360000014,0.179000005,44.74402228,-62.80058772,316.292443,1,0.99
218,365,1,100,730,723,-0.600000024,0.259563535,9,1,1,0.002330238,18.51499939,5.815000057,0.257999986,44.71988162,-63.11046235,316.292443,1,0.99
219,391,1,100,769,750,-0.300000012,0.195352718,9,1,1,0.04049094,19.14999962,4.953000069,0.246000007,44.71004276,-63.16876827,316.292443,1,0.99
220,403,1,100,681,725,-0.699999988,0.602698743,9,1,1,0.078927249,18.47999954,5.462999821,0.224999994,44.70783784,-63.16832003,316.292443,1,0.99
221,405,1,100,740,730,-0.300000012,0.132878825,9,0,1,0.002375249,18.2689991,3.542999983,0.152999997,44.70718877,-63.18068943,316.292443,1,0.99
222,422,1,100,731,715,-0.899999976,0.036784623,13,2,0,0.143454969,13.99199963,5.883999825,0.344000012,44.7013133,-63.08524518,316.292443,1,0.99
223,439,1,100,745,744,-0.200000003,0.060929053,13,0,1,0.092012972,13.49199963,4.677999973,0.234999999,44.69626168,-63.09804847,316.292443,1,0.99
224,440,1,100,683,655,-0.200000003,0.970632792,13,0,1,0.023587452,13.71899986,5.735000134,0.138999999,44.69562644,-63.10379007,316.292443,1,0.99
225,449,1,100,686,601,-0.050000001,0.875858903,13,0,1,0.002982876,13.74800014,5.675000191,0.153999999,44.6937335,-63.10643707,316.292443,1,0.99
226,539,1,100,475,323,-2.743066072,3.369152308,13,2,1,0.021361884,13.01599979,0.850000024,0.111000001,44.40013696,-64.25655003,316.292443,1,0.99
227,547,1,100,419,304,-2.468759537,2.398849249,12,4,1,0.001618501,14.31099987,1.567000031,0.158999994,44.3963786,-64.28283862,316.292443,1,0.99
228,690,1,100,661,588,-1.874428511,0.131072327,10,0,1,0.003822703,19.3390007,3.79399991,0.134000003,43.85537065,-64.89218512,316.292443,1,0.99
229,694,1,100,613,549,-2.011581898,0.787463605,14,1,1,0.081821956,18.01199913,3.290999889,0.126000002,43.85015929,-64.86415177,316.292443,1,0.99
230,700,1,100,684,601,-1.523925662,0.98570174,7,1,1,0.027794102,19.37700081,5.138000011,0.234999999,43.84156588,-64.9448653,316.292443,1,0.99
231,710,1,100,768,675,-1.523925662,0.283578336,9,1,1,0.027333245,19.0529995,5.381000042,0.35800001,43.83498154,-64.94291002,316.292443,1,0.99
232,751,1,100,610,524,-2.895458698,0.462561905,14,0,1,0.070453629,16.80900002,1.546000004,0.150000006,43.64221775,-65.31030353,316.292443,1,0.99
